Workbook
Name INM: 'Tipo Projeto'!$J$3:INDEX('Tipo Projeto'!$J$3:$J$100,COUNTIF('Tipo Projeto'!$J$3:$J$100,"?*"))
Name Matriz_INM: 'Tipo Projeto'!$J$3:$L$40
Name Matriz_UST: 'Tipo Projeto'!$D$3:INDEX('Tipo Projeto'!$D$3:$D$100,COUNTIF('Tipo Projeto'!$D$3:$D$100,"?*"))
Name PF_INM: 'AFP - INM'!$S$385
Name PF_UST: UST!$D$5
Name Print_Titles_0: 'AFP - Detalhada'!$1:$9
Name Print_Titles_0: 'AFP - Estimativa'!$1:$9
Name Print_Titles_0: 'AFP - Indicativa'!$1:$9
Name Print_Titles_0: 'AFP - INM'!$1:$9
Name Print_Titles_0: UST!$1:$9
Name Print_Titles_0_0: 'AFP - Detalhada'!$1:$9
Name Print_Titles_0_0: 'AFP - Estimativa'!$1:$9
Name Print_Titles_0_0: 'AFP - Indicativa'!$1:$9
Name Print_Titles_0_0: 'AFP - INM'!$1:$9
Name Print_Titles_0_0: UST!$1:$9
Name Print_Titles_0_0_0: 'AFP - Detalhada'!$1:$9
Name Print_Titles_0_0_0: 'AFP - Estimativa'!$1:$9
Name Print_Titles_0_0_0: 'AFP - Indicativa'!$1:$9
Name Print_Titles_0_0_0: 'AFP - INM'!$1:$9
Name Print_Titles_0_0_0: UST!$1:$9
Name Print_Titles_0_0_0_0: 'AFP - Detalhada'!$1:$9
Name Print_Titles_0_0_0_0: 'AFP - Estimativa'!$1:$9
Name Print_Titles_0_0_0_0: 'AFP - Indicativa'!$1:$9
Name Print_Titles_0_0_0_0: 'AFP - INM'!$1:$9
Name Print_Titles_0_0_0_0: UST!$1:$9
Name Tipo_Contagem: Resumo!$B$5
Name TipoProjeto: 'Tipo Projeto'!$A$3:INDEX('Tipo Projeto'!$A$3:$A$100,COUNTIF('Tipo Projeto'!$A$3:$A$100,"?*"))
Name TipoSistema: 'Tipo Sistema'!$A$2:$A$8
Name UST: 'Tipo Projeto'!$D$2:$D$53

Sheet Instrução de Uso

Sheet Resumo
A1: Template V.2.0 | B1: Contagem de Pontos de Função
A3: Identificação
A4: O.S.: | E4: Tipo de Atividade: | F4: Desenvolvimento ou Manutenção
A5: Tipo de Contagem: | E5: Aplicação:
A6: Elaborador da contagem: | E6: Data da Contagem: | F6: =IF($B$5="Detalhada",IF('AFP - Detalhada'!N4<>"",'AFP - Detalhada'!N4,""),IF($B$5="Estimativa",IF('AFP - Estimativa'!H4<>"",'AFP - Estimativa'!H4,""),IF($B$5="Indicativa",IF('AFP - Indicativa'!G4<>"",'AFP - Indicativa'!G4,""),"")))
A7: Revisor da contagem: | B7: =IF($B$5="Detalhada",IF('AFP - Detalhada'!N5<>"",'AFP - Detalhada'!N5,""),IF($B$5="Estimativa",IF('AFP - Estimativa'!H5<>"",'AFP - Estimativa'!H5,""),IF($B$5="Indicativa",IF('AFP - Indicativa'!G5<>"",'AFP - Indicativa'!G5,""),""))) | E7: Data da Revisão: | F7: =IF($B$5="Detalhada",IF('AFP - Detalhada'!N6<>"",'AFP - Detalhada'!N6,""),IF($B$5="Estimativa",IF('AFP - Estimativa'!H6<>"",'AFP - Estimativa'!H6,""),IF($B$5="Indicativa",IF('AFP - Indicativa'!G6<>"",'AFP - Indicativa'!G6,""),"")))
A9: Propósito da Contagem
A12: Escopo da Contagem
A15: Quadro Resumo | E15: Projeto de Desenvolvimento e Manutenção
A16: Arquivo Lógico Interno (ALI) | C16: =IF((IF($B$5="Detalhada",SUMIF('AFP - Detalhada'!$G$10:$G$1324,"ALI",'AFP - Detalhada'!$Q$10:$Q$1324),IF($B$5="Estimativa",SUMIF('AFP - Estimativa'!$H$10:$H$1082,"ALI",'AFP - Estimativa'!$I$10:$I$1082)*(1+'AFP - Estimativa'!$C$6),IF($B$5="Indicativa",SUMIF('AFP - Indicativa'!$G$10:$G$108,"ALI",'AFP - Indicativa'!$H$10:$H$108)*(1+'AFP - Indicativa'!$E$6))))),IF($B$5="Detalhada",SUMIF('AFP - Detalhada'!$G$10:$G$1324,"ALI",'AFP - Detalhada'!$Q$10:$Q$1324),IF($B$5="Estimativa",SUMIF('AFP - Estimativa'!$H$10:$H$1082,"ALI",'AFP - Estimativa'!$I$10:$I$1082)*(1+'AFP - Estimativa'!$C$6),IF($B$5="Indicativa",SUMIF('AFP - Indicativa'!$G$10:$G$108,"ALI",'AFP - Indicativa'!$H$10:$H$108)*(1+'AFP - Indicativa'!$E$6)))),"") | E16: Distribuição de Esforço por Fase do Projeto (conforme item 6.1.2.1 do SISP 2.0)
A17: Arquivo de Interface Externa (AIE) | C17: =IF((IF($B$5="Detalhada",SUMIF('AFP - Detalhada'!$G$10:$G$1324,"AIE",'AFP - Detalhada'!$Q$10:$Q$1324),IF($B$5="Estimativa",SUMIF('AFP - Estimativa'!$H$10:$H$1082,"AIE",'AFP - Estimativa'!$I$10:$I$1082)*(1+'AFP - Estimativa'!$C$6),IF($B$5="Indicativa",SUMIF('AFP - Indicativa'!$G$10:$G$108,"AIE",'AFP - Indicativa'!$H$10:$H$108)*(1+'AFP - Indicativa'!$E$6))))),(IF($B$5="Detalhada",SUMIF('AFP - Detalhada'!$G$10:$G$1324,"AIE",'AFP - Detalhada'!$Q$10:$Q$1324),IF($B$5="Estimativa",SUMIF('AFP - Estimativa'!$H$10:$H$1082,"AIE",'AFP - Estimativa'!$I$10:$I$1082)*(1+'AFP - Estimativa'!$C$6),IF($B$5="Indicativa",SUMIF('AFP - Indicativa'!$G$10:$G$108,"AIE",'AFP - Indicativa'!$H$10:$H$108)*(1+'AFP - Indicativa'!$E$6))))),"")
A18: Consulta Externa (CE) | C18: =IF($B$5="Detalhada",SUMIF('AFP - Detalhada'!$G$10:$G$1324,"CE",'AFP - Detalhada'!$Q$10:$Q$1324),IF($B$5="Estimativa",SUMIF('AFP - Estimativa'!$H$10:$H$1082,"CE",'AFP - Estimativa'!$I$10:$I$1082)*(1+'AFP - Estimativa'!$C$6),"")) | E18: Implementação | G18: 0.4
A19: Entrada Externa (EE) | C19: =IF($B$5="Detalhada",SUMIF('AFP - Detalhada'!$G$10:$G$1324,"EE",'AFP - Detalhada'!$Q$10:$Q$1324),IF($B$5="Estimativa",SUMIF('AFP - Estimativa'!$H$10:$H$1082,"EE",'AFP - Estimativa'!$I$10:$I$1082)*(1+'AFP - Estimativa'!$C$6),"")) | E19: Design e Arquitetura | G19: 0.1
A20: Saída Externa (SE) | C20: =IF($B$5="Detalhada",SUMIF('AFP - Detalhada'!$G$10:$G$1324,"SE",'AFP - Detalhada'!$Q$10:$Q$1324),IF($B$5="Estimativa",SUMIF('AFP - Estimativa'!$H$10:$H$1082,"SE",'AFP - Estimativa'!$I$10:$I$1082)*(1+'AFP - Estimativa'!$C$6),"")) | E20: Engenharia de Requisitos | G20: 0.25
A21: INM | C21: =PF_INM -> 0 | E21: Implantação | G21: 0.05
A22: UST | C22: =UST!K404 -> 0 | E22: Homologação | G22: 0.05
A23: Total (A) | C23: =SUM(C16:C22) -> 0 | E23: Testes | G23: 0.15
E24: Percentual de Esforço (E) | G24: =SUM(G18:G23) -> 1
A25: Projeto de Redocumentação de Requisitos
E26: =CONCATENATE("Quantidade Final (A) x ",IF(F4<>"",IF(F4="Desenvolvimento ou manutenção","(E1)","(E2)"),"")) -> Quantidade Final (A) x (E1) | G26: =C23*IF(F4<>"",IF(F4="Desenvolvimento ou manutenção",G24,C30),0) -> 0
A27: Distribuição de Esforço conforme item 4.11 do SISP | E27: Fator de criticidade | G27: 1
E28: Quantidade Final Ajustada | G28: =G26*G27 -> 0
A29: Redocumentação somente requisitos | C29: 0.2 | E29: Total de PF Bruto | G29: =IF(Tipo_Contagem="Estimativa",(SUM('AFP - Estimativa'!K11:K1081))+'AFP - INM'!S385,IF(Tipo_Contagem="Detalhada",(SUM('AFP - Detalhada'!O10:P1323))+'AFP - INM'!S385,'AFP - Indicativa'!H109)) -> 0
A30: Percentual de Esforço (E2) | C30: =SUM(C29:C29) -> 0.2

Sheet AFP - Detalhada
A1: =Resumo!A1 -> Template V.2.0 | C1: Contagem de Pontos de Função Contagem Detalhada
G3: Elaborador da contagem: | T3: Validação/Controle de Divergência Fábrica de Métricas/Cliente | W3: Elaborador da contagem: | AD3: Fábrica de Métricas
E4: Situação: | G4: Data da Contagem: | W4: Data da Contagem:
A5: Contagem Fábrica de Software: | D5: =$Q$1325+'AFP - INM'!$S385 -> 0 | E5: =IF(D6=0,"",IF(D5<>D6,"Em Divergência","Concluído")) | G5: Revisor da contagem: | W5: Revisor da contagem:
A6: Contagem Fábrica de Métricas: | D6: =$AG$1325+'AFP - INM'!$AI385 -> 0 | G6: Data da Revisão: | W6: Data da Revisão:
A8: ID | B8: Tipo Projeto | C8: Fator Ajuste | D8: Módulo | E8: Requisito | F8: Processos elementares | G8: Tipo | H8: TD / DER | J8: RLR / ALR | N8: Complexidade | Q8: PF | R8: Observação/Parecer Técnico | T8: Validação | U8: Tipo Projeto | V8: Fator Ajuste | W8: Tipo | X8: TD / DER | Z8: RLR / ALR | AD8: Complexidade | AG8: PF | AH8: Parecer Técnico | AJ8: Resposta Fábrica de Software | AL8: Parecer Final | AM8: Validação Final
H9: Qtd. | I9: Descrição | J9: Qtd. | K9: Descrição | L9: C_T | M9: C_D | O9: PF_T | P9: PF_D | X9: Qtd. | Y9: Descrição | Z9: Qtd. | AA9: Descrição | AB9: C_T | AC9: C_D | AE9: PF_T | AF9: PF_D
C10: =IF(B10<>"",VLOOKUP(B10,'Tipo Projeto'!$A$3:$B$35,2,0),0) -> 0 | L10: =IF(G10="EE",IF(OR(AND(OR(J10=1,J10=0),H10>0,H10<5),AND(OR(J10=1,J10=0),H10>4,H10<16),AND(J10=2,H10>0,H10<5)),"Simples",IF(OR(AND(OR(J10=1,J10=0),H10>15),AND(J10=2,H10>4,H10<16),AND(J10>2,H10>0,H10<5)),"Médio",IF(OR(AND(J10=2,H10>15),AND(J10>2,H10>4,H10<16),AND(J10>2,H10>15)),"Complexo",""))), IF(OR(G10="CE",G10="SE"),IF(OR(AND(OR(J10=1,J10=0),H10>0,H10<6),AND(OR(J10=1,J10=0),H10>5,H10<20),AND(J10>1,J10<4,H10>0,H10<6)),"Simples",IF(OR(AND(OR(J10=1,J10=0),H10>19),AND(J10>1,J10<4,H10>5,H10<20),AND(J10>3,H10>0,H10<6)),"Médio",IF(OR(AND(J10>1,J10<4,H10>19),AND(J10>3,H10>5,H10<20),AND(J10>3,H10>19)),"Complexo",""))),"")) | M10: =IF(G10="ALI",IF(OR(AND(OR(J10=1,J10=0),H10>0,H10<20),AND(OR(J10=1,J10=0),H10>19,H10<51),AND(J10>1,J10<6,H10>0,H10<20)),"Simples",IF(OR(AND(OR(J10=1,J10=0),H10>50),AND(J10>1,J10<6,H10>19,H10<51),AND(J10>5,H10>0,H10<20)),"Médio",IF(OR(AND(J10>1,J10<6,H10>50),AND(J10>5,H10>19,H10<51),AND(J10>5,H10>50)),"Complexo",""))), IF(G10="AIE",IF(OR(AND(OR(J10=1, J10=0),H10>0,H10<20),AND(OR(J10=1, J10=0),H10>19,H10<51),AND(J10>1,J10<6,H10>0,H10<20)),"Simples",IF(OR(AND(OR(J10=1, J10=0),H10>50),AND(J10>1,J10<6,H10>19,H10<51),AND(J10>5,H10>0,H10<20)),"Médio",IF(OR(AND(J10>1,J10<6,H10>50),AND(J10>5,H10>19,H10<51),AND(J10>5,H10>50)),"Complexo",""))),"")) | N10: =IF(L10="",M10,IF(M10="",L10,"")) | O10: =IF(AND(OR(G10="EE",G10="CE"),N10="Simples"),3, IF(AND(OR(G10="EE",G10="CE"),N10="Médio"),4, IF(AND(OR(G10="EE",G10="CE"),N10="Complexo"),6, IF(AND(G10="SE",N10="Simples"),4, IF(AND(G10="SE",N10="Médio"),5, IF(AND(G10="SE",N10="Complexo"),7,0)))))) -> 0 | P10: =IF(AND(G10="ALI",M10="Simples"),7, IF(AND(G10="ALI",M10="Médio"),10, IF(AND(G10="ALI",M10="Complexo"),15, IF(AND(G10="AIE",M10="Simples"),5, IF(AND(G10="AIE",M10="Médio"),7, IF(AND(G10="AIE",M10="Complexo"),10,0)))))) -> 0 | Q10: =IF(B10<>"Manutenção em interface",IF(B10<>"Desenv., Manutenção e Publicação de Páginas Estáticas",(O10+P10)*C10,C10),C10) -> 0 | V10: =IF(U10<>"",VLOOKUP(U10,'Tipo Projeto'!$A$3:$B$35,2,0),0) -> 0 | AB10: =IF(W10="EE",IF(OR(AND(OR(Z10=1,Z10=0),X10>0,X10<5),AND(OR(Z10=1,Z10=0),X10>4,X10<16),AND(Z10=2,X10>0,X10<5)),"Simples",IF(OR(AND(OR(Z10=1,Z10=0),X10>15),AND(Z10=2,X10>4,X10<16),AND(Z10>2,X10>0,X10<5)),"Médio",IF(OR(AND(Z10=2,X10>15),AND(Z10>2,X10>4,X10<16),AND(Z10>2,X10>15)),"Complexo",""))), IF(OR(W10="CE",W10="SE"),IF(OR(AND(OR(Z10=1,Z10=0),X10>0,X10<6),AND(OR(Z10=1,Z10=0),X10>5,X10<20),AND(Z10>1,Z10<4,X10>0,X10<6)),"Simples",IF(OR(AND(OR(Z10=1,Z10=0),X10>19),AND(Z10>1,Z10<4,X10>5,X10<20),AND(Z10>3,X10>0,X10<6)),"Médio",IF(OR(AND(Z10>1,Z10<4,X10>19),AND(Z10>3,X10>5,X10<20),AND(Z10>3,X10>19)),"Complexo",""))),"")) | AC10: =IF(W10="ALI",IF(OR(AND(OR(Z10=1,Z10=0),X10>0,X10<20),AND(OR(Z10=1,Z10=0),X10>19,X10<51),AND(Z10>1,Z10<6,X10>0,X10<20)),"Simples",IF(OR(AND(OR(Z10=1,Z10=0),X10>50),AND(Z10>1,Z10<6,X10>19,X10<51),AND(Z10>5,X10>0,X10<20)),"Médio",IF(OR(AND(Z10>1,Z10<6,X10>50),AND(Z10>5,X10>19,X10<51),AND(Z10>5,X10>50)),"Complexo",""))), IF(W10="AIE",IF(OR(AND(OR(Z10=1, Z10=0),X10>0,X10<20),AND(OR(Z10=1, Z10=0),X10>19,X10<51),AND(Z10>1,Z10<6,X10>0,X10<20)),"Simples",IF(OR(AND(OR(Z10=1, Z10=0),X10>50),AND(Z10>1,Z10<6,X10>19,X10<51),AND(Z10>5,X10>0,X10<20)),"Médio",IF(OR(AND(Z10>1,Z10<6,X10>50),AND(Z10>5,X10>19,X10<51),AND(Z10>5,X10>50)),"Complexo",""))),"")) | AD10: =IF(AB10="",AC10,IF(AC10="",AB10,"")) | AE10: =IF(AND(OR(W10="EE",W10="CE"),AD10="Simples"),3, IF(AND(OR(W10="EE",W10="CE"),AD10="Médio"),4, IF(AND(OR(W10="EE",W10="CE"),AD10="Complexo"),6, IF(AND(W10="SE",AD10="Simples"),4, IF(AND(W10="SE",AD10="Médio"),5, IF(AND(W10="SE",AD10="Complexo"),7,0)))))) -> 0 | AF10: =IF(AND(W10="ALI",AC10="Simples"),7, IF(AND(W10="ALI",AC10="Médio"),10, IF(AND(W10="ALI",AC10="Complexo"),15, IF(AND(W10="AIE",AC10="Simples"),5, IF(AND(W10="AIE",AC10="Médio"),7, IF(AND(W10="AIE",AC10="Complexo"),10,0)))))) -> 0 | AG10: =IF(T10="OK",Q10,( IF(U10<>"Manutenção em interface",IF(U10<>"Desenv., Manutenção e Publicação de Páginas Estáticas",(AE10+AF10)*V10,V10),V10))) -> 0 | AM10: =IF(AG10=0,"",IF(AG10=Q10,"OK","Divergente"))
C11: =IF(B11<>"",VLOOKUP(B11,'Tipo Projeto'!$A$3:$B$35,2,0),0) -> 0 | L11: =IF(G11="EE",IF(OR(AND(OR(J11=1,J11=0),H11>0,H11<5),AND(OR(J11=1,J11=0),H11>4,H11<16),AND(J11=2,H11>0,H11<5)),"Simples",IF(OR(AND(OR(J11=1,J11=0),H11>15),AND(J11=2,H11>4,H11<16),AND(J11>2,H11>0,H11<5)),"Médio",IF(OR(AND(J11=2,H11>15),AND(J11>2,H11>4,H11<16),AND(J11>2,H11>15)),"Complexo",""))), IF(OR(G11="CE",G11="SE"),IF(OR(AND(OR(J11=1,J11=0),H11>0,H11<6),AND(OR(J11=1,J11=0),H11>5,H11<20),AND(J11>1,J11<4,H11>0,H11<6)),"Simples",IF(OR(AND(OR(J11=1,J11=0),H11>19),AND(J11>1,J11<4,H11>5,H11<20),AND(J11>3,H11>0,H11<6)),"Médio",IF(OR(AND(J11>1,J11<4,H11>19),AND(J11>3,H11>5,H11<20),AND(J11>3,H11>19)),"Complexo",""))),"")) | M11: =IF(G11="ALI",IF(OR(AND(OR(J11=1,J11=0),H11>0,H11<20),AND(OR(J11=1,J11=0),H11>19,H11<51),AND(J11>1,J11<6,H11>0,H11<20)),"Simples",IF(OR(AND(OR(J11=1,J11=0),H11>50),AND(J11>1,J11<6,H11>19,H11<51),AND(J11>5,H11>0,H11<20)),"Médio",IF(OR(AND(J11>1,J11<6,H11>50),AND(J11>5,H11>19,H11<51),AND(J11>5,H11>50)),"Complexo",""))), IF(G11="AIE",IF(OR(AND(OR(J11=1, J11=0),H11>0,H11<20),AND(OR(J11=1, J11=0),H11>19,H11<51),AND(J11>1,J11<6,H11>0,H11<20)),"Simples",IF(OR(AND(OR(J11=1, J11=0),H11>50),AND(J11>1,J11<6,H11>19,H11<51),AND(J11>5,H11>0,H11<20)),"Médio",IF(OR(AND(J11>1,J11<6,H11>50),AND(J11>5,H11>19,H11<51),AND(J11>5,H11>50)),"Complexo",""))),"")) | N11: =IF(L11="",M11,IF(M11="",L11,"")) | O11: =IF(AND(OR(G11="EE",G11="CE"),N11="Simples"),3, IF(AND(OR(G11="EE",G11="CE"),N11="Médio"),4, IF(AND(OR(G11="EE",G11="CE"),N11="Complexo"),6, IF(AND(G11="SE",N11="Simples"),4, IF(AND(G11="SE",N11="Médio"),5, IF(AND(G11="SE",N11="Complexo"),7,0)))))) -> 0 | P11: =IF(AND(G11="ALI",M11="Simples"),7, IF(AND(G11="ALI",M11="Médio"),10, IF(AND(G11="ALI",M11="Complexo"),15, IF(AND(G11="AIE",M11="Simples"),5, IF(AND(G11="AIE",M11="Médio"),7, IF(AND(G11="AIE",M11="Complexo"),10,0)))))) -> 0 | Q11: =IF(B11<>"Manutenção em interface",IF(B11<>"Desenv., Manutenção e Publicação de Páginas Estáticas",(O11+P11)*C11,C11),C11) -> 0 | V11: =IF(U11<>"",VLOOKUP(U11,'Tipo Projeto'!$A$3:$B$35,2,0),0) -> 0 | AB11: =IF(W11="EE",IF(OR(AND(OR(Z11=1,Z11=0),X11>0,X11<5),AND(OR(Z11=1,Z11=0),X11>4,X11<16),AND(Z11=2,X11>0,X11<5)),"Simples",IF(OR(AND(OR(Z11=1,Z11=0),X11>15),AND(Z11=2,X11>4,X11<16),AND(Z11>2,X11>0,X11<5)),"Médio",IF(OR(AND(Z11=2,X11>15),AND(Z11>2,X11>4,X11<16),AND(Z11>2,X11>15)),"Complexo",""))), IF(OR(W11="CE",W11="SE"),IF(OR(AND(OR(Z11=1,Z11=0),X11>0,X11<6),AND(OR(Z11=1,Z11=0),X11>5,X11<20),AND(Z11>1,Z11<4,X11>0,X11<6)),"Simples",IF(OR(AND(OR(Z11=1,Z11=0),X11>19),AND(Z11>1,Z11<4,X11>5,X11<20),AND(Z11>3,X11>0,X11<6)),"Médio",IF(OR(AND(Z11>1,Z11<4,X11>19),AND(Z11>3,X11>5,X11<20),AND(Z11>3,X11>19)),"Complexo",""))),"")) | AC11: =IF(W11="ALI",IF(OR(AND(OR(Z11=1,Z11=0),X11>0,X11<20),AND(OR(Z11=1,Z11=0),X11>19,X11<51),AND(Z11>1,Z11<6,X11>0,X11<20)),"Simples",IF(OR(AND(OR(Z11=1,Z11=0),X11>50),AND(Z11>1,Z11<6,X11>19,X11<51),AND(Z11>5,X11>0,X11<20)),"Médio",IF(OR(AND(Z11>1,Z11<6,X11>50),AND(Z11>5,X11>19,X11<51),AND(Z11>5,X11>50)),"Complexo",""))), IF(W11="AIE",IF(OR(AND(OR(Z11=1, Z11=0),X11>0,X11<20),AND(OR(Z11=1, Z11=0),X11>19,X11<51),AND(Z11>1,Z11<6,X11>0,X11<20)),"Simples",IF(OR(AND(OR(Z11=1, Z11=0),X11>50),AND(Z11>1,Z11<6,X11>19,X11<51),AND(Z11>5,X11>0,X11<20)),"Médio",IF(OR(AND(Z11>1,Z11<6,X11>50),AND(Z11>5,X11>19,X11<51),AND(Z11>5,X11>50)),"Complexo",""))),"")) | AD11: =IF(AB11="",AC11,IF(AC11="",AB11,"")) | AE11: =IF(AND(OR(W11="EE",W11="CE"),AD11="Simples"),3, IF(AND(OR(W11="EE",W11="CE"),AD11="Médio"),4, IF(AND(OR(W11="EE",W11="CE"),AD11="Complexo"),6, IF(AND(W11="SE",AD11="Simples"),4, IF(AND(W11="SE",AD11="Médio"),5, IF(AND(W11="SE",AD11="Complexo"),7,0)))))) -> 0 | AF11: =IF(AND(W11="ALI",AC11="Simples"),7, IF(AND(W11="ALI",AC11="Médio"),10, IF(AND(W11="ALI",AC11="Complexo"),15, IF(AND(W11="AIE",AC11="Simples"),5, IF(AND(W11="AIE",AC11="Médio"),7, IF(AND(W11="AIE",AC11="Complexo"),10,0)))))) -> 0 | AG11: =IF(T11="OK",Q11,( IF(U11<>"Manutenção em interface",IF(U11<>"Desenv., Manutenção e Publicação de Páginas Estáticas",(AE11+AF11)*V11,V11),V11))) -> 0 | AM11: =IF(AG11=0,"",IF(AG11=Q11,"OK","Divergente"))
C12: =IF(B12<>"",VLOOKUP(B12,'Tipo Projeto'!$A$3:$B$35,2,0),0) -> 0 | L12: =IF(G12="EE",IF(OR(AND(OR(J12=1,J12=0),H12>0,H12<5),AND(OR(J12=1,J12=0),H12>4,H12<16),AND(J12=2,H12>0,H12<5)),"Simples",IF(OR(AND(OR(J12=1,J12=0),H12>15),AND(J12=2,H12>4,H12<16),AND(J12>2,H12>0,H12<5)),"Médio",IF(OR(AND(J12=2,H12>15),AND(J12>2,H12>4,H12<16),AND(J12>2,H12>15)),"Complexo",""))), IF(OR(G12="CE",G12="SE"),IF(OR(AND(OR(J12=1,J12=0),H12>0,H12<6),AND(OR(J12=1,J12=0),H12>5,H12<20),AND(J12>1,J12<4,H12>0,H12<6)),"Simples",IF(OR(AND(OR(J12=1,J12=0),H12>19),AND(J12>1,J12<4,H12>5,H12<20),AND(J12>3,H12>0,H12<6)),"Médio",IF(OR(AND(J12>1,J12<4,H12>19),AND(J12>3,H12>5,H12<20),AND(J12>3,H12>19)),"Complexo",""))),"")) | M12: =IF(G12="ALI",IF(OR(AND(OR(J12=1,J12=0),H12>0,H12<20),AND(OR(J12=1,J12=0),H12>19,H12<51),AND(J12>1,J12<6,H12>0,H12<20)),"Simples",IF(OR(AND(OR(J12=1,J12=0),H12>50),AND(J12>1,J12<6,H12>19,H12<51),AND(J12>5,H12>0,H12<20)),"Médio",IF(OR(AND(J12>1,J12<6,H12>50),AND(J12>5,H12>19,H12<51),AND(J12>5,H12>50)),"Complexo",""))), IF(G12="AIE",IF(OR(AND(OR(J12=1, J12=0),H12>0,H12<20),AND(OR(J12=1, J12=0),H12>19,H12<51),AND(J12>1,J12<6,H12>0,H12<20)),"Simples",IF(OR(AND(OR(J12=1, J12=0),H12>50),AND(J12>1,J12<6,H12>19,H12<51),AND(J12>5,H12>0,H12<20)),"Médio",IF(OR(AND(J12>1,J12<6,H12>50),AND(J12>5,H12>19,H12<51),AND(J12>5,H12>50)),"Complexo",""))),"")) | N12: =IF(L12="",M12,IF(M12="",L12,"")) | O12: =IF(AND(OR(G12="EE",G12="CE"),N12="Simples"),3, IF(AND(OR(G12="EE",G12="CE"),N12="Médio"),4, IF(AND(OR(G12="EE",G12="CE"),N12="Complexo"),6, IF(AND(G12="SE",N12="Simples"),4, IF(AND(G12="SE",N12="Médio"),5, IF(AND(G12="SE",N12="Complexo"),7,0)))))) -> 0 | P12: =IF(AND(G12="ALI",M12="Simples"),7, IF(AND(G12="ALI",M12="Médio"),10, IF(AND(G12="ALI",M12="Complexo"),15, IF(AND(G12="AIE",M12="Simples"),5, IF(AND(G12="AIE",M12="Médio"),7, IF(AND(G12="AIE",M12="Complexo"),10,0)))))) -> 0 | Q12: =IF(B12<>"Manutenção em interface",IF(B12<>"Desenv., Manutenção e Publicação de Páginas Estáticas",(O12+P12)*C12,C12),C12) -> 0 | V12: =IF(U12<>"",VLOOKUP(U12,'Tipo Projeto'!$A$3:$B$35,2,0),0) -> 0 | AB12: =IF(W12="EE",IF(OR(AND(OR(Z12=1,Z12=0),X12>0,X12<5),AND(OR(Z12=1,Z12=0),X12>4,X12<16),AND(Z12=2,X12>0,X12<5)),"Simples",IF(OR(AND(OR(Z12=1,Z12=0),X12>15),AND(Z12=2,X12>4,X12<16),AND(Z12>2,X12>0,X12<5)),"Médio",IF(OR(AND(Z12=2,X12>15),AND(Z12>2,X12>4,X12<16),AND(Z12>2,X12>15)),"Complexo",""))), IF(OR(W12="CE",W12="SE"),IF(OR(AND(OR(Z12=1,Z12=0),X12>0,X12<6),AND(OR(Z12=1,Z12=0),X12>5,X12<20),AND(Z12>1,Z12<4,X12>0,X12<6)),"Simples",IF(OR(AND(OR(Z12=1,Z12=0),X12>19),AND(Z12>1,Z12<4,X12>5,X12<20),AND(Z12>3,X12>0,X12<6)),"Médio",IF(OR(AND(Z12>1,Z12<4,X12>19),AND(Z12>3,X12>5,X12<20),AND(Z12>3,X12>19)),"Complexo",""))),"")) | AC12: =IF(W12="ALI",IF(OR(AND(OR(Z12=1,Z12=0),X12>0,X12<20),AND(OR(Z12=1,Z12=0),X12>19,X12<51),AND(Z12>1,Z12<6,X12>0,X12<20)),"Simples",IF(OR(AND(OR(Z12=1,Z12=0),X12>50),AND(Z12>1,Z12<6,X12>19,X12<51),AND(Z12>5,X12>0,X12<20)),"Médio",IF(OR(AND(Z12>1,Z12<6,X12>50),AND(Z12>5,X12>19,X12<51),AND(Z12>5,X12>50)),"Complexo",""))), IF(W12="AIE",IF(OR(AND(OR(Z12=1, Z12=0),X12>0,X12<20),AND(OR(Z12=1, Z12=0),X12>19,X12<51),AND(Z12>1,Z12<6,X12>0,X12<20)),"Simples",IF(OR(AND(OR(Z12=1, Z12=0),X12>50),AND(Z12>1,Z12<6,X12>19,X12<51),AND(Z12>5,X12>0,X12<20)),"Médio",IF(OR(AND(Z12>1,Z12<6,X12>50),AND(Z12>5,X12>19,X12<51),AND(Z12>5,X12>50)),"Complexo",""))),"")) | AD12: =IF(AB12="",AC12,IF(AC12="",AB12,"")) | AE12: =IF(AND(OR(W12="EE",W12="CE"),AD12="Simples"),3, IF(AND(OR(W12="EE",W12="CE"),AD12="Médio"),4, IF(AND(OR(W12="EE",W12="CE"),AD12="Complexo"),6, IF(AND(W12="SE",AD12="Simples"),4, IF(AND(W12="SE",AD12="Médio"),5, IF(AND(W12="SE",AD12="Complexo"),7,0)))))) -> 0 | AF12: =IF(AND(W12="ALI",AC12="Simples"),7, IF(AND(W12="ALI",AC12="Médio"),10, IF(AND(W12="ALI",AC12="Complexo"),15, IF(AND(W12="AIE",AC12="Simples"),5, IF(AND(W12="AIE",AC12="Médio"),7, IF(AND(W12="AIE",AC12="Complexo"),10,0)))))) -> 0 | AG12: =IF(T12="OK",Q12,( IF(U12<>"Manutenção em interface",IF(U12<>"Desenv., Manutenção e Publicação de Páginas Estáticas",(AE12+AF12)*V12,V12),V12))) -> 0 | AM12: =IF(AG12=0,"",IF(AG12=Q12,"OK","Divergente"))
C13: =IF(B13<>"",VLOOKUP(B13,'Tipo Projeto'!$A$3:$B$35,2,0),0) -> 0 | L13: =IF(G13="EE",IF(OR(AND(OR(J13=1,J13=0),H13>0,H13<5),AND(OR(J13=1,J13=0),H13>4,H13<16),AND(J13=2,H13>0,H13<5)),"Simples",IF(OR(AND(OR(J13=1,J13=0),H13>15),AND(J13=2,H13>4,H13<16),AND(J13>2,H13>0,H13<5)),"Médio",IF(OR(AND(J13=2,H13>15),AND(J13>2,H13>4,H13<16),AND(J13>2,H13>15)),"Complexo",""))), IF(OR(G13="CE",G13="SE"),IF(OR(AND(OR(J13=1,J13=0),H13>0,H13<6),AND(OR(J13=1,J13=0),H13>5,H13<20),AND(J13>1,J13<4,H13>0,H13<6)),"Simples",IF(OR(AND(OR(J13=1,J13=0),H13>19),AND(J13>1,J13<4,H13>5,H13<20),AND(J13>3,H13>0,H13<6)),"Médio",IF(OR(AND(J13>1,J13<4,H13>19),AND(J13>3,H13>5,H13<20),AND(J13>3,H13>19)),"Complexo",""))),"")) | M13: =IF(G13="ALI",IF(OR(AND(OR(J13=1,J13=0),H13>0,H13<20),AND(OR(J13=1,J13=0),H13>19,H13<51),AND(J13>1,J13<6,H13>0,H13<20)),"Simples",IF(OR(AND(OR(J13=1,J13=0),H13>50),AND(J13>1,J13<6,H13>19,H13<51),AND(J13>5,H13>0,H13<20)),"Médio",IF(OR(AND(J13>1,J13<6,H13>50),AND(J13>5,H13>19,H13<51),AND(J13>5,H13>50)),"Complexo",""))), IF(G13="AIE",IF(OR(AND(OR(J13=1, J13=0),H13>0,H13<20),AND(OR(J13=1, J13=0),H13>19,H13<51),AND(J13>1,J13<6,H13>0,H13<20)),"Simples",IF(OR(AND(OR(J13=1, J13=0),H13>50),AND(J13>1,J13<6,H13>19,H13<51),AND(J13>5,H13>0,H13<20)),"Médio",IF(OR(AND(J13>1,J13<6,H13>50),AND(J13>5,H13>19,H13<51),AND(J13>5,H13>50)),"Complexo",""))),"")) | N13: =IF(L13="",M13,IF(M13="",L13,"")) | O13: =IF(AND(OR(G13="EE",G13="CE"),N13="Simples"),3, IF(AND(OR(G13="EE",G13="CE"),N13="Médio"),4, IF(AND(OR(G13="EE",G13="CE"),N13="Complexo"),6, IF(AND(G13="SE",N13="Simples"),4, IF(AND(G13="SE",N13="Médio"),5, IF(AND(G13="SE",N13="Complexo"),7,0)))))) -> 0 | P13: =IF(AND(G13="ALI",M13="Simples"),7, IF(AND(G13="ALI",M13="Médio"),10, IF(AND(G13="ALI",M13="Complexo"),15, IF(AND(G13="AIE",M13="Simples"),5, IF(AND(G13="AIE",M13="Médio"),7, IF(AND(G13="AIE",M13="Complexo"),10,0)))))) -> 0 | Q13: =IF(B13<>"Manutenção em interface",IF(B13<>"Desenv., Manutenção e Publicação de Páginas Estáticas",(O13+P13)*C13,C13),C13) -> 0 | V13: =IF(U13<>"",VLOOKUP(U13,'Tipo Projeto'!$A$3:$B$35,2,0),0) -> 0 | AB13: =IF(W13="EE",IF(OR(AND(OR(Z13=1,Z13=0),X13>0,X13<5),AND(OR(Z13=1,Z13=0),X13>4,X13<16),AND(Z13=2,X13>0,X13<5)),"Simples",IF(OR(AND(OR(Z13=1,Z13=0),X13>15),AND(Z13=2,X13>4,X13<16),AND(Z13>2,X13>0,X13<5)),"Médio",IF(OR(AND(Z13=2,X13>15),AND(Z13>2,X13>4,X13<16),AND(Z13>2,X13>15)),"Complexo",""))), IF(OR(W13="CE",W13="SE"),IF(OR(AND(OR(Z13=1,Z13=0),X13>0,X13<6),AND(OR(Z13=1,Z13=0),X13>5,X13<20),AND(Z13>1,Z13<4,X13>0,X13<6)),"Simples",IF(OR(AND(OR(Z13=1,Z13=0),X13>19),AND(Z13>1,Z13<4,X13>5,X13<20),AND(Z13>3,X13>0,X13<6)),"Médio",IF(OR(AND(Z13>1,Z13<4,X13>19),AND(Z13>3,X13>5,X13<20),AND(Z13>3,X13>19)),"Complexo",""))),"")) | AC13: =IF(W13="ALI",IF(OR(AND(OR(Z13=1,Z13=0),X13>0,X13<20),AND(OR(Z13=1,Z13=0),X13>19,X13<51),AND(Z13>1,Z13<6,X13>0,X13<20)),"Simples",IF(OR(AND(OR(Z13=1,Z13=0),X13>50),AND(Z13>1,Z13<6,X13>19,X13<51),AND(Z13>5,X13>0,X13<20)),"Médio",IF(OR(AND(Z13>1,Z13<6,X13>50),AND(Z13>5,X13>19,X13<51),AND(Z13>5,X13>50)),"Complexo",""))), IF(W13="AIE",IF(OR(AND(OR(Z13=1, Z13=0),X13>0,X13<20),AND(OR(Z13=1, Z13=0),X13>19,X13<51),AND(Z13>1,Z13<6,X13>0,X13<20)),"Simples",IF(OR(AND(OR(Z13=1, Z13=0),X13>50),AND(Z13>1,Z13<6,X13>19,X13<51),AND(Z13>5,X13>0,X13<20)),"Médio",IF(OR(AND(Z13>1,Z13<6,X13>50),AND(Z13>5,X13>19,X13<51),AND(Z13>5,X13>50)),"Complexo",""))),"")) | AD13: =IF(AB13="",AC13,IF(AC13="",AB13,"")) | AE13: =IF(AND(OR(W13="EE",W13="CE"),AD13="Simples"),3, IF(AND(OR(W13="EE",W13="CE"),AD13="Médio"),4, IF(AND(OR(W13="EE",W13="CE"),AD13="Complexo"),6, IF(AND(W13="SE",AD13="Simples"),4, IF(AND(W13="SE",AD13="Médio"),5, IF(AND(W13="SE",AD13="Complexo"),7,0)))))) -> 0 | AF13: =IF(AND(W13="ALI",AC13="Simples"),7, IF(AND(W13="ALI",AC13="Médio"),10, IF(AND(W13="ALI",AC13="Complexo"),15, IF(AND(W13="AIE",AC13="Simples"),5, IF(AND(W13="AIE",AC13="Médio"),7, IF(AND(W13="AIE",AC13="Complexo"),10,0)))))) -> 0 | AG13: =IF(T13="OK",Q13,( IF(U13<>"Manutenção em interface",IF(U13<>"Desenv., Manutenção e Publicação de Páginas Estáticas",(AE13+AF13)*V13,V13),V13))) -> 0 | AM13: =IF(AG13=0,"",IF(AG13=Q13,"OK","Divergente"))
C14: =IF(B14<>"",VLOOKUP(B14,'Tipo Projeto'!$A$3:$B$35,2,0),0) -> 0 | L14: =IF(G14="EE",IF(OR(AND(OR(J14=1,J14=0),H14>0,H14<5),AND(OR(J14=1,J14=0),H14>4,H14<16),AND(J14=2,H14>0,H14<5)),"Simples",IF(OR(AND(OR(J14=1,J14=0),H14>15),AND(J14=2,H14>4,H14<16),AND(J14>2,H14>0,H14<5)),"Médio",IF(OR(AND(J14=2,H14>15),AND(J14>2,H14>4,H14<16),AND(J14>2,H14>15)),"Complexo",""))), IF(OR(G14="CE",G14="SE"),IF(OR(AND(OR(J14=1,J14=0),H14>0,H14<6),AND(OR(J14=1,J14=0),H14>5,H14<20),AND(J14>1,J14<4,H14>0,H14<6)),"Simples",IF(OR(AND(OR(J14=1,J14=0),H14>19),AND(J14>1,J14<4,H14>5,H14<20),AND(J14>3,H14>0,H14<6)),"Médio",IF(OR(AND(J14>1,J14<4,H14>19),AND(J14>3,H14>5,H14<20),AND(J14>3,H14>19)),"Complexo",""))),"")) | M14: =IF(G14="ALI",IF(OR(AND(OR(J14=1,J14=0),H14>0,H14<20),AND(OR(J14=1,J14=0),H14>19,H14<51),AND(J14>1,J14<6,H14>0,H14<20)),"Simples",IF(OR(AND(OR(J14=1,J14=0),H14>50),AND(J14>1,J14<6,H14>19,H14<51),AND(J14>5,H14>0,H14<20)),"Médio",IF(OR(AND(J14>1,J14<6,H14>50),AND(J14>5,H14>19,H14<51),AND(J14>5,H14>50)),"Complexo",""))), IF(G14="AIE",IF(OR(AND(OR(J14=1, J14=0),H14>0,H14<20),AND(OR(J14=1, J14=0),H14>19,H14<51),AND(J14>1,J14<6,H14>0,H14<20)),"Simples",IF(OR(AND(OR(J14=1, J14=0),H14>50),AND(J14>1,J14<6,H14>19,H14<51),AND(J14>5,H14>0,H14<20)),"Médio",IF(OR(AND(J14>1,J14<6,H14>50),AND(J14>5,H14>19,H14<51),AND(J14>5,H14>50)),"Complexo",""))),"")) | N14: =IF(L14="",M14,IF(M14="",L14,"")) | O14: =IF(AND(OR(G14="EE",G14="CE"),N14="Simples"),3, IF(AND(OR(G14="EE",G14="CE"),N14="Médio"),4, IF(AND(OR(G14="EE",G14="CE"),N14="Complexo"),6, IF(AND(G14="SE",N14="Simples"),4, IF(AND(G14="SE",N14="Médio"),5, IF(AND(G14="SE",N14="Complexo"),7,0)))))) -> 0 | P14: =IF(AND(G14="ALI",M14="Simples"),7, IF(AND(G14="ALI",M14="Médio"),10, IF(AND(G14="ALI",M14="Complexo"),15, IF(AND(G14="AIE",M14="Simples"),5, IF(AND(G14="AIE",M14="Médio"),7, IF(AND(G14="AIE",M14="Complexo"),10,0)))))) -> 0 | Q14: =IF(B14<>"Manutenção em interface",IF(B14<>"Desenv., Manutenção e Publicação de Páginas Estáticas",(O14+P14)*C14,C14),C14) -> 0 | V14: =IF(U14<>"",VLOOKUP(U14,'Tipo Projeto'!$A$3:$B$35,2,0),0) -> 0 | AB14: =IF(W14="EE",IF(OR(AND(OR(Z14=1,Z14=0),X14>0,X14<5),AND(OR(Z14=1,Z14=0),X14>4,X14<16),AND(Z14=2,X14>0,X14<5)),"Simples",IF(OR(AND(OR(Z14=1,Z14=0),X14>15),AND(Z14=2,X14>4,X14<16),AND(Z14>2,X14>0,X14<5)),"Médio",IF(OR(AND(Z14=2,X14>15),AND(Z14>2,X14>4,X14<16),AND(Z14>2,X14>15)),"Complexo",""))), IF(OR(W14="CE",W14="SE"),IF(OR(AND(OR(Z14=1,Z14=0),X14>0,X14<6),AND(OR(Z14=1,Z14=0),X14>5,X14<20),AND(Z14>1,Z14<4,X14>0,X14<6)),"Simples",IF(OR(AND(OR(Z14=1,Z14=0),X14>19),AND(Z14>1,Z14<4,X14>5,X14<20),AND(Z14>3,X14>0,X14<6)),"Médio",IF(OR(AND(Z14>1,Z14<4,X14>19),AND(Z14>3,X14>5,X14<20),AND(Z14>3,X14>19)),"Complexo",""))),"")) | AC14: =IF(W14="ALI",IF(OR(AND(OR(Z14=1,Z14=0),X14>0,X14<20),AND(OR(Z14=1,Z14=0),X14>19,X14<51),AND(Z14>1,Z14<6,X14>0,X14<20)),"Simples",IF(OR(AND(OR(Z14=1,Z14=0),X14>50),AND(Z14>1,Z14<6,X14>19,X14<51),AND(Z14>5,X14>0,X14<20)),"Médio",IF(OR(AND(Z14>1,Z14<6,X14>50),AND(Z14>5,X14>19,X14<51),AND(Z14>5,X14>50)),"Complexo",""))), IF(W14="AIE",IF(OR(AND(OR(Z14=1, Z14=0),X14>0,X14<20),AND(OR(Z14=1, Z14=0),X14>19,X14<51),AND(Z14>1,Z14<6,X14>0,X14<20)),"Simples",IF(OR(AND(OR(Z14=1, Z14=0),X14>50),AND(Z14>1,Z14<6,X14>19,X14<51),AND(Z14>5,X14>0,X14<20)),"Médio",IF(OR(AND(Z14>1,Z14<6,X14>50),AND(Z14>5,X14>19,X14<51),AND(Z14>5,X14>50)),"Complexo",""))),"")) | AD14: =IF(AB14="",AC14,IF(AC14="",AB14,"")) | AE14: =IF(AND(OR(W14="EE",W14="CE"),AD14="Simples"),3, IF(AND(OR(W14="EE",W14="CE"),AD14="Médio"),4, IF(AND(OR(W14="EE",W14="CE"),AD14="Complexo"),6, IF(AND(W14="SE",AD14="Simples"),4, IF(AND(W14="SE",AD14="Médio"),5, IF(AND(W14="SE",AD14="Complexo"),7,0)))))) -> 0 | AF14: =IF(AND(W14="ALI",AC14="Simples"),7, IF(AND(W14="ALI",AC14="Médio"),10, IF(AND(W14="ALI",AC14="Complexo"),15, IF(AND(W14="AIE",AC14="Simples"),5, IF(AND(W14="AIE",AC14="Médio"),7, IF(AND(W14="AIE",AC14="Complexo"),10,0)))))) -> 0 | AG14: =IF(T14="OK",Q14,( IF(U14<>"Manutenção em interface",IF(U14<>"Desenv., Manutenção e Publicação de Páginas Estáticas",(AE14+AF14)*V14,V14),V14))) -> 0 | AM14: =IF(AG14=0,"",IF(AG14=Q14,"OK","Divergente"))
C15: =IF(B15<>"",VLOOKUP(B15,'Tipo Projeto'!$A$3:$B$35,2,0),0) -> 0 | L15: =IF(G15="EE",IF(OR(AND(OR(J15=1,J15=0),H15>0,H15<5),AND(OR(J15=1,J15=0),H15>4,H15<16),AND(J15=2,H15>0,H15<5)),"Simples",IF(OR(AND(OR(J15=1,J15=0),H15>15),AND(J15=2,H15>4,H15<16),AND(J15>2,H15>0,H15<5)),"Médio",IF(OR(AND(J15=2,H15>15),AND(J15>2,H15>4,H15<16),AND(J15>2,H15>15)),"Complexo",""))), IF(OR(G15="CE",G15="SE"),IF(OR(AND(OR(J15=1,J15=0),H15>0,H15<6),AND(OR(J15=1,J15=0),H15>5,H15<20),AND(J15>1,J15<4,H15>0,H15<6)),"Simples",IF(OR(AND(OR(J15=1,J15=0),H15>19),AND(J15>1,J15<4,H15>5,H15<20),AND(J15>3,H15>0,H15<6)),"Médio",IF(OR(AND(J15>1,J15<4,H15>19),AND(J15>3,H15>5,H15<20),AND(J15>3,H15>19)),"Complexo",""))),"")) | M15: =IF(G15="ALI",IF(OR(AND(OR(J15=1,J15=0),H15>0,H15<20),AND(OR(J15=1,J15=0),H15>19,H15<51),AND(J15>1,J15<6,H15>0,H15<20)),"Simples",IF(OR(AND(OR(J15=1,J15=0),H15>50),AND(J15>1,J15<6,H15>19,H15<51),AND(J15>5,H15>0,H15<20)),"Médio",IF(OR(AND(J15>1,J15<6,H15>50),AND(J15>5,H15>19,H15<51),AND(J15>5,H15>50)),"Complexo",""))), IF(G15="AIE",IF(OR(AND(OR(J15=1, J15=0),H15>0,H15<20),AND(OR(J15=1, J15=0),H15>19,H15<51),AND(J15>1,J15<6,H15>0,H15<20)),"Simples",IF(OR(AND(OR(J15=1, J15=0),H15>50),AND(J15>1,J15<6,H15>19,H15<51),AND(J15>5,H15>0,H15<20)),"Médio",IF(OR(AND(J15>1,J15<6,H15>50),AND(J15>5,H15>19,H15<51),AND(J15>5,H15>50)),"Complexo",""))),"")) | N15: =IF(L15="",M15,IF(M15="",L15,"")) | O15: =IF(AND(OR(G15="EE",G15="CE"),N15="Simples"),3, IF(AND(OR(G15="EE",G15="CE"),N15="Médio"),4, IF(AND(OR(G15="EE",G15="CE"),N15="Complexo"),6, IF(AND(G15="SE",N15="Simples"),4, IF(AND(G15="SE",N15="Médio"),5, IF(AND(G15="SE",N15="Complexo"),7,0)))))) -> 0 | P15: =IF(AND(G15="ALI",M15="Simples"),7, IF(AND(G15="ALI",M15="Médio"),10, IF(AND(G15="ALI",M15="Complexo"),15, IF(AND(G15="AIE",M15="Simples"),5, IF(AND(G15="AIE",M15="Médio"),7, IF(AND(G15="AIE",M15="Complexo"),10,0)))))) -> 0 | Q15: =IF(B15<>"Manutenção em interface",IF(B15<>"Desenv., Manutenção e Publicação de Páginas Estáticas",(O15+P15)*C15,C15),C15) -> 0 | V15: =IF(U15<>"",VLOOKUP(U15,'Tipo Projeto'!$A$3:$B$35,2,0),0) -> 0 | AB15: =IF(W15="EE",IF(OR(AND(OR(Z15=1,Z15=0),X15>0,X15<5),AND(OR(Z15=1,Z15=0),X15>4,X15<16),AND(Z15=2,X15>0,X15<5)),"Simples",IF(OR(AND(OR(Z15=1,Z15=0),X15>15),AND(Z15=2,X15>4,X15<16),AND(Z15>2,X15>0,X15<5)),"Médio",IF(OR(AND(Z15=2,X15>15),AND(Z15>2,X15>4,X15<16),AND(Z15>2,X15>15)),"Complexo",""))), IF(OR(W15="CE",W15="SE"),IF(OR(AND(OR(Z15=1,Z15=0),X15>0,X15<6),AND(OR(Z15=1,Z15=0),X15>5,X15<20),AND(Z15>1,Z15<4,X15>0,X15<6)),"Simples",IF(OR(AND(OR(Z15=1,Z15=0),X15>19),AND(Z15>1,Z15<4,X15>5,X15<20),AND(Z15>3,X15>0,X15<6)),"Médio",IF(OR(AND(Z15>1,Z15<4,X15>19),AND(Z15>3,X15>5,X15<20),AND(Z15>3,X15>19)),"Complexo",""))),"")) | AC15: =IF(W15="ALI",IF(OR(AND(OR(Z15=1,Z15=0),X15>0,X15<20),AND(OR(Z15=1,Z15=0),X15>19,X15<51),AND(Z15>1,Z15<6,X15>0,X15<20)),"Simples",IF(OR(AND(OR(Z15=1,Z15=0),X15>50),AND(Z15>1,Z15<6,X15>19,X15<51),AND(Z15>5,X15>0,X15<20)),"Médio",IF(OR(AND(Z15>1,Z15<6,X15>50),AND(Z15>5,X15>19,X15<51),AND(Z15>5,X15>50)),"Complexo",""))), IF(W15="AIE",IF(OR(AND(OR(Z15=1, Z15=0),X15>0,X15<20),AND(OR(Z15=1, Z15=0),X15>19,X15<51),AND(Z15>1,Z15<6,X15>0,X15<20)),"Simples",IF(OR(AND(OR(Z15=1, Z15=0),X15>50),AND(Z15>1,Z15<6,X15>19,X15<51),AND(Z15>5,X15>0,X15<20)),"Médio",IF(OR(AND(Z15>1,Z15<6,X15>50),AND(Z15>5,X15>19,X15<51),AND(Z15>5,X15>50)),"Complexo",""))),"")) | AD15: =IF(AB15="",AC15,IF(AC15="",AB15,"")) | AE15: =IF(AND(OR(W15="EE",W15="CE"),AD15="Simples"),3, IF(AND(OR(W15="EE",W15="CE"),AD15="Médio"),4, IF(AND(OR(W15="EE",W15="CE"),AD15="Complexo"),6, IF(AND(W15="SE",AD15="Simples"),4, IF(AND(W15="SE",AD15="Médio"),5, IF(AND(W15="SE",AD15="Complexo"),7,0)))))) -> 0 | AF15: =IF(AND(W15="ALI",AC15="Simples"),7, IF(AND(W15="ALI",AC15="Médio"),10, IF(AND(W15="ALI",AC15="Complexo"),15, IF(AND(W15="AIE",AC15="Simples"),5, IF(AND(W15="AIE",AC15="Médio"),7, IF(AND(W15="AIE",AC15="Complexo"),10,0)))))) -> 0 | AG15: =IF(T15="OK",Q15,( IF(U15<>"Manutenção em interface",IF(U15<>"Desenv., Manutenção e Publicação de Páginas Estáticas",(AE15+AF15)*V15,V15),V15))) -> 0 | AM15: =IF(AG15=0,"",IF(AG15=Q15,"OK","Divergente"))
C16: =IF(B16<>"",VLOOKUP(B16,'Tipo Projeto'!$A$3:$B$35,2,0),0) -> 0 | L16: =IF(G16="EE",IF(OR(AND(OR(J16=1,J16=0),H16>0,H16<5),AND(OR(J16=1,J16=0),H16>4,H16<16),AND(J16=2,H16>0,H16<5)),"Simples",IF(OR(AND(OR(J16=1,J16=0),H16>15),AND(J16=2,H16>4,H16<16),AND(J16>2,H16>0,H16<5)),"Médio",IF(OR(AND(J16=2,H16>15),AND(J16>2,H16>4,H16<16),AND(J16>2,H16>15)),"Complexo",""))), IF(OR(G16="CE",G16="SE"),IF(OR(AND(OR(J16=1,J16=0),H16>0,H16<6),AND(OR(J16=1,J16=0),H16>5,H16<20),AND(J16>1,J16<4,H16>0,H16<6)),"Simples",IF(OR(AND(OR(J16=1,J16=0),H16>19),AND(J16>1,J16<4,H16>5,H16<20),AND(J16>3,H16>0,H16<6)),"Médio",IF(OR(AND(J16>1,J16<4,H16>19),AND(J16>3,H16>5,H16<20),AND(J16>3,H16>19)),"Complexo",""))),"")) | M16: =IF(G16="ALI",IF(OR(AND(OR(J16=1,J16=0),H16>0,H16<20),AND(OR(J16=1,J16=0),H16>19,H16<51),AND(J16>1,J16<6,H16>0,H16<20)),"Simples",IF(OR(AND(OR(J16=1,J16=0),H16>50),AND(J16>1,J16<6,H16>19,H16<51),AND(J16>5,H16>0,H16<20)),"Médio",IF(OR(AND(J16>1,J16<6,H16>50),AND(J16>5,H16>19,H16<51),AND(J16>5,H16>50)),"Complexo",""))), IF(G16="AIE",IF(OR(AND(OR(J16=1, J16=0),H16>0,H16<20),AND(OR(J16=1, J16=0),H16>19,H16<51),AND(J16>1,J16<6,H16>0,H16<20)),"Simples",IF(OR(AND(OR(J16=1, J16=0),H16>50),AND(J16>1,J16<6,H16>19,H16<51),AND(J16>5,H16>0,H16<20)),"Médio",IF(OR(AND(J16>1,J16<6,H16>50),AND(J16>5,H16>19,H16<51),AND(J16>5,H16>50)),"Complexo",""))),"")) | N16: =IF(L16="",M16,IF(M16="",L16,"")) | O16: =IF(AND(OR(G16="EE",G16="CE"),N16="Simples"),3, IF(AND(OR(G16="EE",G16="CE"),N16="Médio"),4, IF(AND(OR(G16="EE",G16="CE"),N16="Complexo"),6, IF(AND(G16="SE",N16="Simples"),4, IF(AND(G16="SE",N16="Médio"),5, IF(AND(G16="SE",N16="Complexo"),7,0)))))) -> 0 | P16: =IF(AND(G16="ALI",M16="Simples"),7, IF(AND(G16="ALI",M16="Médio"),10, IF(AND(G16="ALI",M16="Complexo"),15, IF(AND(G16="AIE",M16="Simples"),5, IF(AND(G16="AIE",M16="Médio"),7, IF(AND(G16="AIE",M16="Complexo"),10,0)))))) -> 0 | Q16: =IF(B16<>"Manutenção em interface",IF(B16<>"Desenv., Manutenção e Publicação de Páginas Estáticas",(O16+P16)*C16,C16),C16) -> 0 | V16: =IF(U16<>"",VLOOKUP(U16,'Tipo Projeto'!$A$3:$B$35,2,0),0) -> 0 | AB16: =IF(W16="EE",IF(OR(AND(OR(Z16=1,Z16=0),X16>0,X16<5),AND(OR(Z16=1,Z16=0),X16>4,X16<16),AND(Z16=2,X16>0,X16<5)),"Simples",IF(OR(AND(OR(Z16=1,Z16=0),X16>15),AND(Z16=2,X16>4,X16<16),AND(Z16>2,X16>0,X16<5)),"Médio",IF(OR(AND(Z16=2,X16>15),AND(Z16>2,X16>4,X16<16),AND(Z16>2,X16>15)),"Complexo",""))), IF(OR(W16="CE",W16="SE"),IF(OR(AND(OR(Z16=1,Z16=0),X16>0,X16<6),AND(OR(Z16=1,Z16=0),X16>5,X16<20),AND(Z16>1,Z16<4,X16>0,X16<6)),"Simples",IF(OR(AND(OR(Z16=1,Z16=0),X16>19),AND(Z16>1,Z16<4,X16>5,X16<20),AND(Z16>3,X16>0,X16<6)),"Médio",IF(OR(AND(Z16>1,Z16<4,X16>19),AND(Z16>3,X16>5,X16<20),AND(Z16>3,X16>19)),"Complexo",""))),"")) | AC16: =IF(W16="ALI",IF(OR(AND(OR(Z16=1,Z16=0),X16>0,X16<20),AND(OR(Z16=1,Z16=0),X16>19,X16<51),AND(Z16>1,Z16<6,X16>0,X16<20)),"Simples",IF(OR(AND(OR(Z16=1,Z16=0),X16>50),AND(Z16>1,Z16<6,X16>19,X16<51),AND(Z16>5,X16>0,X16<20)),"Médio",IF(OR(AND(Z16>1,Z16<6,X16>50),AND(Z16>5,X16>19,X16<51),AND(Z16>5,X16>50)),"Complexo",""))), IF(W16="AIE",IF(OR(AND(OR(Z16=1, Z16=0),X16>0,X16<20),AND(OR(Z16=1, Z16=0),X16>19,X16<51),AND(Z16>1,Z16<6,X16>0,X16<20)),"Simples",IF(OR(AND(OR(Z16=1, Z16=0),X16>50),AND(Z16>1,Z16<6,X16>19,X16<51),AND(Z16>5,X16>0,X16<20)),"Médio",IF(OR(AND(Z16>1,Z16<6,X16>50),AND(Z16>5,X16>19,X16<51),AND(Z16>5,X16>50)),"Complexo",""))),"")) | AD16: =IF(AB16="",AC16,IF(AC16="",AB16,"")) | AE16: =IF(AND(OR(W16="EE",W16="CE"),AD16="Simples"),3, IF(AND(OR(W16="EE",W16="CE"),AD16="Médio"),4, IF(AND(OR(W16="EE",W16="CE"),AD16="Complexo"),6, IF(AND(W16="SE",AD16="Simples"),4, IF(AND(W16="SE",AD16="Médio"),5, IF(AND(W16="SE",AD16="Complexo"),7,0)))))) -> 0 | AF16: =IF(AND(W16="ALI",AC16="Simples"),7, IF(AND(W16="ALI",AC16="Médio"),10, IF(AND(W16="ALI",AC16="Complexo"),15, IF(AND(W16="AIE",AC16="Simples"),5, IF(AND(W16="AIE",AC16="Médio"),7, IF(AND(W16="AIE",AC16="Complexo"),10,0)))))) -> 0 | AG16: =IF(T16="OK",Q16,( IF(U16<>"Manutenção em interface",IF(U16<>"Desenv., Manutenção e Publicação de Páginas Estáticas",(AE16+AF16)*V16,V16),V16))) -> 0 | AM16: =IF(AG16=0,"",IF(AG16=Q16,"OK","Divergente"))
C17: =IF(B17<>"",VLOOKUP(B17,'Tipo Projeto'!$A$3:$B$35,2,0),0) -> 0 | L17: =IF(G17="EE",IF(OR(AND(OR(J17=1,J17=0),H17>0,H17<5),AND(OR(J17=1,J17=0),H17>4,H17<16),AND(J17=2,H17>0,H17<5)),"Simples",IF(OR(AND(OR(J17=1,J17=0),H17>15),AND(J17=2,H17>4,H17<16),AND(J17>2,H17>0,H17<5)),"Médio",IF(OR(AND(J17=2,H17>15),AND(J17>2,H17>4,H17<16),AND(J17>2,H17>15)),"Complexo",""))), IF(OR(G17="CE",G17="SE"),IF(OR(AND(OR(J17=1,J17=0),H17>0,H17<6),AND(OR(J17=1,J17=0),H17>5,H17<20),AND(J17>1,J17<4,H17>0,H17<6)),"Simples",IF(OR(AND(OR(J17=1,J17=0),H17>19),AND(J17>1,J17<4,H17>5,H17<20),AND(J17>3,H17>0,H17<6)),"Médio",IF(OR(AND(J17>1,J17<4,H17>19),AND(J17>3,H17>5,H17<20),AND(J17>3,H17>19)),"Complexo",""))),"")) | M17: =IF(G17="ALI",IF(OR(AND(OR(J17=1,J17=0),H17>0,H17<20),AND(OR(J17=1,J17=0),H17>19,H17<51),AND(J17>1,J17<6,H17>0,H17<20)),"Simples",IF(OR(AND(OR(J17=1,J17=0),H17>50),AND(J17>1,J17<6,H17>19,H17<51),AND(J17>5,H17>0,H17<20)),"Médio",IF(OR(AND(J17>1,J17<6,H17>50),AND(J17>5,H17>19,H17<51),AND(J17>5,H17>50)),"Complexo",""))), IF(G17="AIE",IF(OR(AND(OR(J17=1, J17=0),H17>0,H17<20),AND(OR(J17=1, J17=0),H17>19,H17<51),AND(J17>1,J17<6,H17>0,H17<20)),"Simples",IF(OR(AND(OR(J17=1, J17=0),H17>50),AND(J17>1,J17<6,H17>19,H17<51),AND(J17>5,H17>0,H17<20)),"Médio",IF(OR(AND(J17>1,J17<6,H17>50),AND(J17>5,H17>19,H17<51),AND(J17>5,H17>50)),"Complexo",""))),"")) | N17: =IF(L17="",M17,IF(M17="",L17,"")) | O17: =IF(AND(OR(G17="EE",G17="CE"),N17="Simples"),3, IF(AND(OR(G17="EE",G17="CE"),N17="Médio"),4, IF(AND(OR(G17="EE",G17="CE"),N17="Complexo"),6, IF(AND(G17="SE",N17="Simples"),4, IF(AND(G17="SE",N17="Médio"),5, IF(AND(G17="SE",N17="Complexo"),7,0)))))) -> 0 | P17: =IF(AND(G17="ALI",M17="Simples"),7, IF(AND(G17="ALI",M17="Médio"),10, IF(AND(G17="ALI",M17="Complexo"),15, IF(AND(G17="AIE",M17="Simples"),5, IF(AND(G17="AIE",M17="Médio"),7, IF(AND(G17="AIE",M17="Complexo"),10,0)))))) -> 0 | Q17: =IF(B17<>"Manutenção em interface",IF(B17<>"Desenv., Manutenção e Publicação de Páginas Estáticas",(O17+P17)*C17,C17),C17) -> 0 | V17: =IF(U17<>"",VLOOKUP(U17,'Tipo Projeto'!$A$3:$B$35,2,0),0) -> 0 | AB17: =IF(W17="EE",IF(OR(AND(OR(Z17=1,Z17=0),X17>0,X17<5),AND(OR(Z17=1,Z17=0),X17>4,X17<16),AND(Z17=2,X17>0,X17<5)),"Simples",IF(OR(AND(OR(Z17=1,Z17=0),X17>15),AND(Z17=2,X17>4,X17<16),AND(Z17>2,X17>0,X17<5)),"Médio",IF(OR(AND(Z17=2,X17>15),AND(Z17>2,X17>4,X17<16),AND(Z17>2,X17>15)),"Complexo",""))), IF(OR(W17="CE",W17="SE"),IF(OR(AND(OR(Z17=1,Z17=0),X17>0,X17<6),AND(OR(Z17=1,Z17=0),X17>5,X17<20),AND(Z17>1,Z17<4,X17>0,X17<6)),"Simples",IF(OR(AND(OR(Z17=1,Z17=0),X17>19),AND(Z17>1,Z17<4,X17>5,X17<20),AND(Z17>3,X17>0,X17<6)),"Médio",IF(OR(AND(Z17>1,Z17<4,X17>19),AND(Z17>3,X17>5,X17<20),AND(Z17>3,X17>19)),"Complexo",""))),"")) | AC17: =IF(W17="ALI",IF(OR(AND(OR(Z17=1,Z17=0),X17>0,X17<20),AND(OR(Z17=1,Z17=0),X17>19,X17<51),AND(Z17>1,Z17<6,X17>0,X17<20)),"Simples",IF(OR(AND(OR(Z17=1,Z17=0),X17>50),AND(Z17>1,Z17<6,X17>19,X17<51),AND(Z17>5,X17>0,X17<20)),"Médio",IF(OR(AND(Z17>1,Z17<6,X17>50),AND(Z17>5,X17>19,X17<51),AND(Z17>5,X17>50)),"Complexo",""))), IF(W17="AIE",IF(OR(AND(OR(Z17=1, Z17=0),X17>0,X17<20),AND(OR(Z17=1, Z17=0),X17>19,X17<51),AND(Z17>1,Z17<6,X17>0,X17<20)),"Simples",IF(OR(AND(OR(Z17=1, Z17=0),X17>50),AND(Z17>1,Z17<6,X17>19,X17<51),AND(Z17>5,X17>0,X17<20)),"Médio",IF(OR(AND(Z17>1,Z17<6,X17>50),AND(Z17>5,X17>19,X17<51),AND(Z17>5,X17>50)),"Complexo",""))),"")) | AD17: =IF(AB17="",AC17,IF(AC17="",AB17,"")) | AE17: =IF(AND(OR(W17="EE",W17="CE"),AD17="Simples"),3, IF(AND(OR(W17="EE",W17="CE"),AD17="Médio"),4, IF(AND(OR(W17="EE",W17="CE"),AD17="Complexo"),6, IF(AND(W17="SE",AD17="Simples"),4, IF(AND(W17="SE",AD17="Médio"),5, IF(AND(W17="SE",AD17="Complexo"),7,0)))))) -> 0 | AF17: =IF(AND(W17="ALI",AC17="Simples"),7, IF(AND(W17="ALI",AC17="Médio"),10, IF(AND(W17="ALI",AC17="Complexo"),15, IF(AND(W17="AIE",AC17="Simples"),5, IF(AND(W17="AIE",AC17="Médio"),7, IF(AND(W17="AIE",AC17="Complexo"),10,0)))))) -> 0 | AG17: =IF(T17="OK",Q17,( IF(U17<>"Manutenção em interface",IF(U17<>"Desenv., Manutenção e Publicação de Páginas Estáticas",(AE17+AF17)*V17,V17),V17))) -> 0 | AM17: =IF(AG17=0,"",IF(AG17=Q17,"OK","Divergente"))
C18: =IF(B18<>"",VLOOKUP(B18,'Tipo Projeto'!$A$3:$B$35,2,0),0) -> 0 | L18: =IF(G18="EE",IF(OR(AND(OR(J18=1,J18=0),H18>0,H18<5),AND(OR(J18=1,J18=0),H18>4,H18<16),AND(J18=2,H18>0,H18<5)),"Simples",IF(OR(AND(OR(J18=1,J18=0),H18>15),AND(J18=2,H18>4,H18<16),AND(J18>2,H18>0,H18<5)),"Médio",IF(OR(AND(J18=2,H18>15),AND(J18>2,H18>4,H18<16),AND(J18>2,H18>15)),"Complexo",""))), IF(OR(G18="CE",G18="SE"),IF(OR(AND(OR(J18=1,J18=0),H18>0,H18<6),AND(OR(J18=1,J18=0),H18>5,H18<20),AND(J18>1,J18<4,H18>0,H18<6)),"Simples",IF(OR(AND(OR(J18=1,J18=0),H18>19),AND(J18>1,J18<4,H18>5,H18<20),AND(J18>3,H18>0,H18<6)),"Médio",IF(OR(AND(J18>1,J18<4,H18>19),AND(J18>3,H18>5,H18<20),AND(J18>3,H18>19)),"Complexo",""))),"")) | M18: =IF(G18="ALI",IF(OR(AND(OR(J18=1,J18=0),H18>0,H18<20),AND(OR(J18=1,J18=0),H18>19,H18<51),AND(J18>1,J18<6,H18>0,H18<20)),"Simples",IF(OR(AND(OR(J18=1,J18=0),H18>50),AND(J18>1,J18<6,H18>19,H18<51),AND(J18>5,H18>0,H18<20)),"Médio",IF(OR(AND(J18>1,J18<6,H18>50),AND(J18>5,H18>19,H18<51),AND(J18>5,H18>50)),"Complexo",""))), IF(G18="AIE",IF(OR(AND(OR(J18=1, J18=0),H18>0,H18<20),AND(OR(J18=1, J18=0),H18>19,H18<51),AND(J18>1,J18<6,H18>0,H18<20)),"Simples",IF(OR(AND(OR(J18=1, J18=0),H18>50),AND(J18>1,J18<6,H18>19,H18<51),AND(J18>5,H18>0,H18<20)),"Médio",IF(OR(AND(J18>1,J18<6,H18>50),AND(J18>5,H18>19,H18<51),AND(J18>5,H18>50)),"Complexo",""))),"")) | N18: =IF(L18="",M18,IF(M18="",L18,"")) | O18: =IF(AND(OR(G18="EE",G18="CE"),N18="Simples"),3, IF(AND(OR(G18="EE",G18="CE"),N18="Médio"),4, IF(AND(OR(G18="EE",G18="CE"),N18="Complexo"),6, IF(AND(G18="SE",N18="Simples"),4, IF(AND(G18="SE",N18="Médio"),5, IF(AND(G18="SE",N18="Complexo"),7,0)))))) -> 0 | P18: =IF(AND(G18="ALI",M18="Simples"),7, IF(AND(G18="ALI",M18="Médio"),10, IF(AND(G18="ALI",M18="Complexo"),15, IF(AND(G18="AIE",M18="Simples"),5, IF(AND(G18="AIE",M18="Médio"),7, IF(AND(G18="AIE",M18="Complexo"),10,0)))))) -> 0 | Q18: =IF(B18<>"Manutenção em interface",IF(B18<>"Desenv., Manutenção e Publicação de Páginas Estáticas",(O18+P18)*C18,C18),C18) -> 0 | V18: =IF(U18<>"",VLOOKUP(U18,'Tipo Projeto'!$A$3:$B$35,2,0),0) -> 0 | AB18: =IF(W18="EE",IF(OR(AND(OR(Z18=1,Z18=0),X18>0,X18<5),AND(OR(Z18=1,Z18=0),X18>4,X18<16),AND(Z18=2,X18>0,X18<5)),"Simples",IF(OR(AND(OR(Z18=1,Z18=0),X18>15),AND(Z18=2,X18>4,X18<16),AND(Z18>2,X18>0,X18<5)),"Médio",IF(OR(AND(Z18=2,X18>15),AND(Z18>2,X18>4,X18<16),AND(Z18>2,X18>15)),"Complexo",""))), IF(OR(W18="CE",W18="SE"),IF(OR(AND(OR(Z18=1,Z18=0),X18>0,X18<6),AND(OR(Z18=1,Z18=0),X18>5,X18<20),AND(Z18>1,Z18<4,X18>0,X18<6)),"Simples",IF(OR(AND(OR(Z18=1,Z18=0),X18>19),AND(Z18>1,Z18<4,X18>5,X18<20),AND(Z18>3,X18>0,X18<6)),"Médio",IF(OR(AND(Z18>1,Z18<4,X18>19),AND(Z18>3,X18>5,X18<20),AND(Z18>3,X18>19)),"Complexo",""))),"")) | AC18: =IF(W18="ALI",IF(OR(AND(OR(Z18=1,Z18=0),X18>0,X18<20),AND(OR(Z18=1,Z18=0),X18>19,X18<51),AND(Z18>1,Z18<6,X18>0,X18<20)),"Simples",IF(OR(AND(OR(Z18=1,Z18=0),X18>50),AND(Z18>1,Z18<6,X18>19,X18<51),AND(Z18>5,X18>0,X18<20)),"Médio",IF(OR(AND(Z18>1,Z18<6,X18>50),AND(Z18>5,X18>19,X18<51),AND(Z18>5,X18>50)),"Complexo",""))), IF(W18="AIE",IF(OR(AND(OR(Z18=1, Z18=0),X18>0,X18<20),AND(OR(Z18=1, Z18=0),X18>19,X18<51),AND(Z18>1,Z18<6,X18>0,X18<20)),"Simples",IF(OR(AND(OR(Z18=1, Z18=0),X18>50),AND(Z18>1,Z18<6,X18>19,X18<51),AND(Z18>5,X18>0,X18<20)),"Médio",IF(OR(AND(Z18>1,Z18<6,X18>50),AND(Z18>5,X18>19,X18<51),AND(Z18>5,X18>50)),"Complexo",""))),"")) | AD18: =IF(AB18="",AC18,IF(AC18="",AB18,"")) | AE18: =IF(AND(OR(W18="EE",W18="CE"),AD18="Simples"),3, IF(AND(OR(W18="EE",W18="CE"),AD18="Médio"),4, IF(AND(OR(W18="EE",W18="CE"),AD18="Complexo"),6, IF(AND(W18="SE",AD18="Simples"),4, IF(AND(W18="SE",AD18="Médio"),5, IF(AND(W18="SE",AD18="Complexo"),7,0)))))) -> 0 | AF18: =IF(AND(W18="ALI",AC18="Simples"),7, IF(AND(W18="ALI",AC18="Médio"),10, IF(AND(W18="ALI",AC18="Complexo"),15, IF(AND(W18="AIE",AC18="Simples"),5, IF(AND(W18="AIE",AC18="Médio"),7, IF(AND(W18="AIE",AC18="Complexo"),10,0)))))) -> 0 | AG18: =IF(T18="OK",Q18,( IF(U18<>"Manutenção em interface",IF(U18<>"Desenv., Manutenção e Publicação de Páginas Estáticas",(AE18+AF18)*V18,V18),V18))) -> 0 | AM18: =IF(AG18=0,"",IF(AG18=Q18,"OK","Divergente"))
C19: =IF(B19<>"",VLOOKUP(B19,'Tipo Projeto'!$A$3:$B$35,2,0),0) -> 0 | L19: =IF(G19="EE",IF(OR(AND(OR(J19=1,J19=0),H19>0,H19<5),AND(OR(J19=1,J19=0),H19>4,H19<16),AND(J19=2,H19>0,H19<5)),"Simples",IF(OR(AND(OR(J19=1,J19=0),H19>15),AND(J19=2,H19>4,H19<16),AND(J19>2,H19>0,H19<5)),"Médio",IF(OR(AND(J19=2,H19>15),AND(J19>2,H19>4,H19<16),AND(J19>2,H19>15)),"Complexo",""))), IF(OR(G19="CE",G19="SE"),IF(OR(AND(OR(J19=1,J19=0),H19>0,H19<6),AND(OR(J19=1,J19=0),H19>5,H19<20),AND(J19>1,J19<4,H19>0,H19<6)),"Simples",IF(OR(AND(OR(J19=1,J19=0),H19>19),AND(J19>1,J19<4,H19>5,H19<20),AND(J19>3,H19>0,H19<6)),"Médio",IF(OR(AND(J19>1,J19<4,H19>19),AND(J19>3,H19>5,H19<20),AND(J19>3,H19>19)),"Complexo",""))),"")) | M19: =IF(G19="ALI",IF(OR(AND(OR(J19=1,J19=0),H19>0,H19<20),AND(OR(J19=1,J19=0),H19>19,H19<51),AND(J19>1,J19<6,H19>0,H19<20)),"Simples",IF(OR(AND(OR(J19=1,J19=0),H19>50),AND(J19>1,J19<6,H19>19,H19<51),AND(J19>5,H19>0,H19<20)),"Médio",IF(OR(AND(J19>1,J19<6,H19>50),AND(J19>5,H19>19,H19<51),AND(J19>5,H19>50)),"Complexo",""))), IF(G19="AIE",IF(OR(AND(OR(J19=1, J19=0),H19>0,H19<20),AND(OR(J19=1, J19=0),H19>19,H19<51),AND(J19>1,J19<6,H19>0,H19<20)),"Simples",IF(OR(AND(OR(J19=1, J19=0),H19>50),AND(J19>1,J19<6,H19>19,H19<51),AND(J19>5,H19>0,H19<20)),"Médio",IF(OR(AND(J19>1,J19<6,H19>50),AND(J19>5,H19>19,H19<51),AND(J19>5,H19>50)),"Complexo",""))),"")) | N19: =IF(L19="",M19,IF(M19="",L19,"")) | O19: =IF(AND(OR(G19="EE",G19="CE"),N19="Simples"),3, IF(AND(OR(G19="EE",G19="CE"),N19="Médio"),4, IF(AND(OR(G19="EE",G19="CE"),N19="Complexo"),6, IF(AND(G19="SE",N19="Simples"),4, IF(AND(G19="SE",N19="Médio"),5, IF(AND(G19="SE",N19="Complexo"),7,0)))))) -> 0 | P19: =IF(AND(G19="ALI",M19="Simples"),7, IF(AND(G19="ALI",M19="Médio"),10, IF(AND(G19="ALI",M19="Complexo"),15, IF(AND(G19="AIE",M19="Simples"),5, IF(AND(G19="AIE",M19="Médio"),7, IF(AND(G19="AIE",M19="Complexo"),10,0)))))) -> 0 | Q19: =IF(B19<>"Manutenção em interface",IF(B19<>"Desenv., Manutenção e Publicação de Páginas Estáticas",(O19+P19)*C19,C19),C19) -> 0 | V19: =IF(U19<>"",VLOOKUP(U19,'Tipo Projeto'!$A$3:$B$35,2,0),0) -> 0 | AB19: =IF(W19="EE",IF(OR(AND(OR(Z19=1,Z19=0),X19>0,X19<5),AND(OR(Z19=1,Z19=0),X19>4,X19<16),AND(Z19=2,X19>0,X19<5)),"Simples",IF(OR(AND(OR(Z19=1,Z19=0),X19>15),AND(Z19=2,X19>4,X19<16),AND(Z19>2,X19>0,X19<5)),"Médio",IF(OR(AND(Z19=2,X19>15),AND(Z19>2,X19>4,X19<16),AND(Z19>2,X19>15)),"Complexo",""))), IF(OR(W19="CE",W19="SE"),IF(OR(AND(OR(Z19=1,Z19=0),X19>0,X19<6),AND(OR(Z19=1,Z19=0),X19>5,X19<20),AND(Z19>1,Z19<4,X19>0,X19<6)),"Simples",IF(OR(AND(OR(Z19=1,Z19=0),X19>19),AND(Z19>1,Z19<4,X19>5,X19<20),AND(Z19>3,X19>0,X19<6)),"Médio",IF(OR(AND(Z19>1,Z19<4,X19>19),AND(Z19>3,X19>5,X19<20),AND(Z19>3,X19>19)),"Complexo",""))),"")) | AC19: =IF(W19="ALI",IF(OR(AND(OR(Z19=1,Z19=0),X19>0,X19<20),AND(OR(Z19=1,Z19=0),X19>19,X19<51),AND(Z19>1,Z19<6,X19>0,X19<20)),"Simples",IF(OR(AND(OR(Z19=1,Z19=0),X19>50),AND(Z19>1,Z19<6,X19>19,X19<51),AND(Z19>5,X19>0,X19<20)),"Médio",IF(OR(AND(Z19>1,Z19<6,X19>50),AND(Z19>5,X19>19,X19<51),AND(Z19>5,X19>50)),"Complexo",""))), IF(W19="AIE",IF(OR(AND(OR(Z19=1, Z19=0),X19>0,X19<20),AND(OR(Z19=1, Z19=0),X19>19,X19<51),AND(Z19>1,Z19<6,X19>0,X19<20)),"Simples",IF(OR(AND(OR(Z19=1, Z19=0),X19>50),AND(Z19>1,Z19<6,X19>19,X19<51),AND(Z19>5,X19>0,X19<20)),"Médio",IF(OR(AND(Z19>1,Z19<6,X19>50),AND(Z19>5,X19>19,X19<51),AND(Z19>5,X19>50)),"Complexo",""))),"")) | AD19: =IF(AB19="",AC19,IF(AC19="",AB19,"")) | AE19: =IF(AND(OR(W19="EE",W19="CE"),AD19="Simples"),3, IF(AND(OR(W19="EE",W19="CE"),AD19="Médio"),4, IF(AND(OR(W19="EE",W19="CE"),AD19="Complexo"),6, IF(AND(W19="SE",AD19="Simples"),4, IF(AND(W19="SE",AD19="Médio"),5, IF(AND(W19="SE",AD19="Complexo"),7,0)))))) -> 0 | AF19: =IF(AND(W19="ALI",AC19="Simples"),7, IF(AND(W19="ALI",AC19="Médio"),10, IF(AND(W19="ALI",AC19="Complexo"),15, IF(AND(W19="AIE",AC19="Simples"),5, IF(AND(W19="AIE",AC19="Médio"),7, IF(AND(W19="AIE",AC19="Complexo"),10,0)))))) -> 0 | AG19: =IF(T19="OK",Q19,( IF(U19<>"Manutenção em interface",IF(U19<>"Desenv., Manutenção e Publicação de Páginas Estáticas",(AE19+AF19)*V19,V19),V19))) -> 0 | AM19: =IF(AG19=0,"",IF(AG19=Q19,"OK","Divergente"))
C20: =IF(B20<>"",VLOOKUP(B20,'Tipo Projeto'!$A$3:$B$35,2,0),0) -> 0 | L20: =IF(G20="EE",IF(OR(AND(OR(J20=1,J20=0),H20>0,H20<5),AND(OR(J20=1,J20=0),H20>4,H20<16),AND(J20=2,H20>0,H20<5)),"Simples",IF(OR(AND(OR(J20=1,J20=0),H20>15),AND(J20=2,H20>4,H20<16),AND(J20>2,H20>0,H20<5)),"Médio",IF(OR(AND(J20=2,H20>15),AND(J20>2,H20>4,H20<16),AND(J20>2,H20>15)),"Complexo",""))), IF(OR(G20="CE",G20="SE"),IF(OR(AND(OR(J20=1,J20=0),H20>0,H20<6),AND(OR(J20=1,J20=0),H20>5,H20<20),AND(J20>1,J20<4,H20>0,H20<6)),"Simples",IF(OR(AND(OR(J20=1,J20=0),H20>19),AND(J20>1,J20<4,H20>5,H20<20),AND(J20>3,H20>0,H20<6)),"Médio",IF(OR(AND(J20>1,J20<4,H20>19),AND(J20>3,H20>5,H20<20),AND(J20>3,H20>19)),"Complexo",""))),"")) | M20: =IF(G20="ALI",IF(OR(AND(OR(J20=1,J20=0),H20>0,H20<20),AND(OR(J20=1,J20=0),H20>19,H20<51),AND(J20>1,J20<6,H20>0,H20<20)),"Simples",IF(OR(AND(OR(J20=1,J20=0),H20>50),AND(J20>1,J20<6,H20>19,H20<51),AND(J20>5,H20>0,H20<20)),"Médio",IF(OR(AND(J20>1,J20<6,H20>50),AND(J20>5,H20>19,H20<51),AND(J20>5,H20>50)),"Complexo",""))), IF(G20="AIE",IF(OR(AND(OR(J20=1, J20=0),H20>0,H20<20),AND(OR(J20=1, J20=0),H20>19,H20<51),AND(J20>1,J20<6,H20>0,H20<20)),"Simples",IF(OR(AND(OR(J20=1, J20=0),H20>50),AND(J20>1,J20<6,H20>19,H20<51),AND(J20>5,H20>0,H20<20)),"Médio",IF(OR(AND(J20>1,J20<6,H20>50),AND(J20>5,H20>19,H20<51),AND(J20>5,H20>50)),"Complexo",""))),"")) | N20: =IF(L20="",M20,IF(M20="",L20,"")) | O20: =IF(AND(OR(G20="EE",G20="CE"),N20="Simples"),3, IF(AND(OR(G20="EE",G20="CE"),N20="Médio"),4, IF(AND(OR(G20="EE",G20="CE"),N20="Complexo"),6, IF(AND(G20="SE",N20="Simples"),4, IF(AND(G20="SE",N20="Médio"),5, IF(AND(G20="SE",N20="Complexo"),7,0)))))) -> 0 | P20: =IF(AND(G20="ALI",M20="Simples"),7, IF(AND(G20="ALI",M20="Médio"),10, IF(AND(G20="ALI",M20="Complexo"),15, IF(AND(G20="AIE",M20="Simples"),5, IF(AND(G20="AIE",M20="Médio"),7, IF(AND(G20="AIE",M20="Complexo"),10,0)))))) -> 0 | Q20: =IF(B20<>"Manutenção em interface",IF(B20<>"Desenv., Manutenção e Publicação de Páginas Estáticas",(O20+P20)*C20,C20),C20) -> 0 | V20: =IF(U20<>"",VLOOKUP(U20,'Tipo Projeto'!$A$3:$B$35,2,0),0) -> 0 | AB20: =IF(W20="EE",IF(OR(AND(OR(Z20=1,Z20=0),X20>0,X20<5),AND(OR(Z20=1,Z20=0),X20>4,X20<16),AND(Z20=2,X20>0,X20<5)),"Simples",IF(OR(AND(OR(Z20=1,Z20=0),X20>15),AND(Z20=2,X20>4,X20<16),AND(Z20>2,X20>0,X20<5)),"Médio",IF(OR(AND(Z20=2,X20>15),AND(Z20>2,X20>4,X20<16),AND(Z20>2,X20>15)),"Complexo",""))), IF(OR(W20="CE",W20="SE"),IF(OR(AND(OR(Z20=1,Z20=0),X20>0,X20<6),AND(OR(Z20=1,Z20=0),X20>5,X20<20),AND(Z20>1,Z20<4,X20>0,X20<6)),"Simples",IF(OR(AND(OR(Z20=1,Z20=0),X20>19),AND(Z20>1,Z20<4,X20>5,X20<20),AND(Z20>3,X20>0,X20<6)),"Médio",IF(OR(AND(Z20>1,Z20<4,X20>19),AND(Z20>3,X20>5,X20<20),AND(Z20>3,X20>19)),"Complexo",""))),"")) | AC20: =IF(W20="ALI",IF(OR(AND(OR(Z20=1,Z20=0),X20>0,X20<20),AND(OR(Z20=1,Z20=0),X20>19,X20<51),AND(Z20>1,Z20<6,X20>0,X20<20)),"Simples",IF(OR(AND(OR(Z20=1,Z20=0),X20>50),AND(Z20>1,Z20<6,X20>19,X20<51),AND(Z20>5,X20>0,X20<20)),"Médio",IF(OR(AND(Z20>1,Z20<6,X20>50),AND(Z20>5,X20>19,X20<51),AND(Z20>5,X20>50)),"Complexo",""))), IF(W20="AIE",IF(OR(AND(OR(Z20=1, Z20=0),X20>0,X20<20),AND(OR(Z20=1, Z20=0),X20>19,X20<51),AND(Z20>1,Z20<6,X20>0,X20<20)),"Simples",IF(OR(AND(OR(Z20=1, Z20=0),X20>50),AND(Z20>1,Z20<6,X20>19,X20<51),AND(Z20>5,X20>0,X20<20)),"Médio",IF(OR(AND(Z20>1,Z20<6,X20>50),AND(Z20>5,X20>19,X20<51),AND(Z20>5,X20>50)),"Complexo",""))),"")) | AD20: =IF(AB20="",AC20,IF(AC20="",AB20,"")) | AE20: =IF(AND(OR(W20="EE",W20="CE"),AD20="Simples"),3, IF(AND(OR(W20="EE",W20="CE"),AD20="Médio"),4, IF(AND(OR(W20="EE",W20="CE"),AD20="Complexo"),6, IF(AND(W20="SE",AD20="Simples"),4, IF(AND(W20="SE",AD20="Médio"),5, IF(AND(W20="SE",AD20="Complexo"),7,0)))))) -> 0 | AF20: =IF(AND(W20="ALI",AC20="Simples"),7, IF(AND(W20="ALI",AC20="Médio"),10, IF(AND(W20="ALI",AC20="Complexo"),15, IF(AND(W20="AIE",AC20="Simples"),5, IF(AND(W20="AIE",AC20="Médio"),7, IF(AND(W20="AIE",AC20="Complexo"),10,0)))))) -> 0 | AG20: =IF(T20="OK",Q20,( IF(U20<>"Manutenção em interface",IF(U20<>"Desenv., Manutenção e Publicação de Páginas Estáticas",(AE20+AF20)*V20,V20),V20))) -> 0 | AM20: =IF(AG20=0,"",IF(AG20=Q20,"OK","Divergente"))
C21: =IF(B21<>"",VLOOKUP(B21,'Tipo Projeto'!$A$3:$B$35,2,0),0) -> 0 | L21: =IF(G21="EE",IF(OR(AND(OR(J21=1,J21=0),H21>0,H21<5),AND(OR(J21=1,J21=0),H21>4,H21<16),AND(J21=2,H21>0,H21<5)),"Simples",IF(OR(AND(OR(J21=1,J21=0),H21>15),AND(J21=2,H21>4,H21<16),AND(J21>2,H21>0,H21<5)),"Médio",IF(OR(AND(J21=2,H21>15),AND(J21>2,H21>4,H21<16),AND(J21>2,H21>15)),"Complexo",""))), IF(OR(G21="CE",G21="SE"),IF(OR(AND(OR(J21=1,J21=0),H21>0,H21<6),AND(OR(J21=1,J21=0),H21>5,H21<20),AND(J21>1,J21<4,H21>0,H21<6)),"Simples",IF(OR(AND(OR(J21=1,J21=0),H21>19),AND(J21>1,J21<4,H21>5,H21<20),AND(J21>3,H21>0,H21<6)),"Médio",IF(OR(AND(J21>1,J21<4,H21>19),AND(J21>3,H21>5,H21<20),AND(J21>3,H21>19)),"Complexo",""))),"")) | M21: =IF(G21="ALI",IF(OR(AND(OR(J21=1,J21=0),H21>0,H21<20),AND(OR(J21=1,J21=0),H21>19,H21<51),AND(J21>1,J21<6,H21>0,H21<20)),"Simples",IF(OR(AND(OR(J21=1,J21=0),H21>50),AND(J21>1,J21<6,H21>19,H21<51),AND(J21>5,H21>0,H21<20)),"Médio",IF(OR(AND(J21>1,J21<6,H21>50),AND(J21>5,H21>19,H21<51),AND(J21>5,H21>50)),"Complexo",""))), IF(G21="AIE",IF(OR(AND(OR(J21=1, J21=0),H21>0,H21<20),AND(OR(J21=1, J21=0),H21>19,H21<51),AND(J21>1,J21<6,H21>0,H21<20)),"Simples",IF(OR(AND(OR(J21=1, J21=0),H21>50),AND(J21>1,J21<6,H21>19,H21<51),AND(J21>5,H21>0,H21<20)),"Médio",IF(OR(AND(J21>1,J21<6,H21>50),AND(J21>5,H21>19,H21<51),AND(J21>5,H21>50)),"Complexo",""))),"")) | N21: =IF(L21="",M21,IF(M21="",L21,"")) | O21: =IF(AND(OR(G21="EE",G21="CE"),N21="Simples"),3, IF(AND(OR(G21="EE",G21="CE"),N21="Médio"),4, IF(AND(OR(G21="EE",G21="CE"),N21="Complexo"),6, IF(AND(G21="SE",N21="Simples"),4, IF(AND(G21="SE",N21="Médio"),5, IF(AND(G21="SE",N21="Complexo"),7,0)))))) -> 0 | P21: =IF(AND(G21="ALI",M21="Simples"),7, IF(AND(G21="ALI",M21="Médio"),10, IF(AND(G21="ALI",M21="Complexo"),15, IF(AND(G21="AIE",M21="Simples"),5, IF(AND(G21="AIE",M21="Médio"),7, IF(AND(G21="AIE",M21="Complexo"),10,0)))))) -> 0 | Q21: =IF(B21<>"Manutenção em interface",IF(B21<>"Desenv., Manutenção e Publicação de Páginas Estáticas",(O21+P21)*C21,C21),C21) -> 0 | V21: =IF(U21<>"",VLOOKUP(U21,'Tipo Projeto'!$A$3:$B$35,2,0),0) -> 0 | AB21: =IF(W21="EE",IF(OR(AND(OR(Z21=1,Z21=0),X21>0,X21<5),AND(OR(Z21=1,Z21=0),X21>4,X21<16),AND(Z21=2,X21>0,X21<5)),"Simples",IF(OR(AND(OR(Z21=1,Z21=0),X21>15),AND(Z21=2,X21>4,X21<16),AND(Z21>2,X21>0,X21<5)),"Médio",IF(OR(AND(Z21=2,X21>15),AND(Z21>2,X21>4,X21<16),AND(Z21>2,X21>15)),"Complexo",""))), IF(OR(W21="CE",W21="SE"),IF(OR(AND(OR(Z21=1,Z21=0),X21>0,X21<6),AND(OR(Z21=1,Z21=0),X21>5,X21<20),AND(Z21>1,Z21<4,X21>0,X21<6)),"Simples",IF(OR(AND(OR(Z21=1,Z21=0),X21>19),AND(Z21>1,Z21<4,X21>5,X21<20),AND(Z21>3,X21>0,X21<6)),"Médio",IF(OR(AND(Z21>1,Z21<4,X21>19),AND(Z21>3,X21>5,X21<20),AND(Z21>3,X21>19)),"Complexo",""))),"")) | AC21: =IF(W21="ALI",IF(OR(AND(OR(Z21=1,Z21=0),X21>0,X21<20),AND(OR(Z21=1,Z21=0),X21>19,X21<51),AND(Z21>1,Z21<6,X21>0,X21<20)),"Simples",IF(OR(AND(OR(Z21=1,Z21=0),X21>50),AND(Z21>1,Z21<6,X21>19,X21<51),AND(Z21>5,X21>0,X21<20)),"Médio",IF(OR(AND(Z21>1,Z21<6,X21>50),AND(Z21>5,X21>19,X21<51),AND(Z21>5,X21>50)),"Complexo",""))), IF(W21="AIE",IF(OR(AND(OR(Z21=1, Z21=0),X21>0,X21<20),AND(OR(Z21=1, Z21=0),X21>19,X21<51),AND(Z21>1,Z21<6,X21>0,X21<20)),"Simples",IF(OR(AND(OR(Z21=1, Z21=0),X21>50),AND(Z21>1,Z21<6,X21>19,X21<51),AND(Z21>5,X21>0,X21<20)),"Médio",IF(OR(AND(Z21>1,Z21<6,X21>50),AND(Z21>5,X21>19,X21<51),AND(Z21>5,X21>50)),"Complexo",""))),"")) | AD21: =IF(AB21="",AC21,IF(AC21="",AB21,"")) | AE21: =IF(AND(OR(W21="EE",W21="CE"),AD21="Simples"),3, IF(AND(OR(W21="EE",W21="CE"),AD21="Médio"),4, IF(AND(OR(W21="EE",W21="CE"),AD21="Complexo"),6, IF(AND(W21="SE",AD21="Simples"),4, IF(AND(W21="SE",AD21="Médio"),5, IF(AND(W21="SE",AD21="Complexo"),7,0)))))) -> 0 | AF21: =IF(AND(W21="ALI",AC21="Simples"),7, IF(AND(W21="ALI",AC21="Médio"),10, IF(AND(W21="ALI",AC21="Complexo"),15, IF(AND(W21="AIE",AC21="Simples"),5, IF(AND(W21="AIE",AC21="Médio"),7, IF(AND(W21="AIE",AC21="Complexo"),10,0)))))) -> 0 | AG21: =IF(T21="OK",Q21,( IF(U21<>"Manutenção em interface",IF(U21<>"Desenv., Manutenção e Publicação de Páginas Estáticas",(AE21+AF21)*V21,V21),V21))) -> 0 | AM21: =IF(AG21=0,"",IF(AG21=Q21,"OK","Divergente"))
... C1323: =IF(B1323<>"",VLOOKUP(B1323,'Tipo Projeto'!$A$3:$B$35,2,0),0) -> 0 | L1323: =IF(G1323="EE",IF(OR(AND(OR(J1323=1,J1323=0),H1323>0,H1323<5),AND(OR(J1323=1,J1323=0),H1323>4,H1323<16),AND(J1323=2,H1323>0,H1323<5)),"Simples",IF(OR(AND(OR(J1323=1,J1323=0),H1323>15),AND(J1323=2,H1323>4,H1323<16),AND(J1323>2,H1323>0,H1323<5)),"Médio",IF(OR(AND(J1323=2,H1323>15),AND(J1323>2,H1323>4,H1323<16),AND(J1323>2,H1323>15)),"Complexo",""))), IF(OR(G1323="CE",G1323="SE"),IF(OR(AND(OR(J1323=1,J1323=0),H1323>0,H1323<6),AND(OR(J1323=1,J1323=0),H1323>5,H1323<20),AND(J1323>1,J1323<4,H1323>0,H1323<6)),"Simples",IF(OR(AND(OR(J1323=1,J1323=0),H1323>19),AND(J1323>1,J1323<4,H1323>5,H1323<20),AND(J1323>3,H1323>0,H1323<6)),"Médio",IF(OR(AND(J1323>1,J1323<4,H1323>19),AND(J1323>3,H1323>5,H1323<20),AND(J1323>3,H1323>19)),"Complexo",""))),"")) | M1323: =IF(G1323="ALI",IF(OR(AND(OR(J1323=1,J1323=0),H1323>0,H1323<20),AND(OR(J1323=1,J1323=0),H1323>19,H1323<51),AND(J1323>1,J1323<6,H1323>0,H1323<20)),"Simples",IF(OR(AND(OR(J1323=1,J1323=0),H1323>50),AND(J1323>1,J1323<6,H1323>19,H1323<51),AND(J1323>5,H1323>0,H1323<20)),"Médio",IF(OR(AND(J1323>1,J1323<6,H1323>50),AND(J1323>5,H1323>19,H1323<51),AND(J1323>5,H1323>50)),"Complexo",""))), IF(G1323="AIE",IF(OR(AND(OR(J1323=1, J1323=0),H1323>0,H1323<20),AND(OR(J1323=1, J1323=0),H1323>19,H1323<51),AND(J1323>1,J1323<6,H1323>0,H1323<20)),"Simples",IF(OR(AND(OR(J1323=1, J1323=0),H1323>50),AND(J1323>1,J1323<6,H1323>19,H1323<51),AND(J1323>5,H1323>0,H1323<20)),"Médio",IF(OR(AND(J1323>1,J1323<6,H1323>50),AND(J1323>5,H1323>19,H1323<51),AND(J1323>5,H1323>50)),"Complexo",""))),"")) | N1323: =IF(L1323="",M1323,IF(M1323="",L1323,"")) | O1323: =IF(AND(OR(G1323="EE",G1323="CE"),N1323="Simples"),3, IF(AND(OR(G1323="EE",G1323="CE"),N1323="Médio"),4, IF(AND(OR(G1323="EE",G1323="CE"),N1323="Complexo"),6, IF(AND(G1323="SE",N1323="Simples"),4, IF(AND(G1323="SE",N1323="Médio"),5, IF(AND(G1323="SE",N1323="Complexo"),7,0)))))) -> 0 | P1323: =IF(AND(G1323="ALI",M1323="Simples"),7, IF(AND(G1323="ALI",M1323="Médio"),10, IF(AND(G1323="ALI",M1323="Complexo"),15, IF(AND(G1323="AIE",M1323="Simples"),5, IF(AND(G1323="AIE",M1323="Médio"),7, IF(AND(G1323="AIE",M1323="Complexo"),10,0)))))) -> 0 | Q1323: =IF(B1323<>"Manutenção em interface",IF(B1323<>"Desenv., Manutenção e Publicação de Páginas Estáticas",(O1323+P1323)*C1323,C1323),C1323) -> 0 | V1323: =IF(U1323<>"",VLOOKUP(U1323,'Tipo Projeto'!$A$3:$B$35,2,0),0) -> 0 | AB1323: =IF(W1323="EE",IF(OR(AND(OR(Z1323=1,Z1323=0),X1323>0,X1323<5),AND(OR(Z1323=1,Z1323=0),X1323>4,X1323<16),AND(Z1323=2,X1323>0,X1323<5)),"Simples",IF(OR(AND(OR(Z1323=1,Z1323=0),X1323>15),AND(Z1323=2,X1323>4,X1323<16),AND(Z1323>2,X1323>0,X1323<5)),"Médio",IF(OR(AND(Z1323=2,X1323>15),AND(Z1323>2,X1323>4,X1323<16),AND(Z1323>2,X1323>15)),"Complexo",""))), IF(OR(W1323="CE",W1323="SE"),IF(OR(AND(OR(Z1323=1,Z1323=0),X1323>0,X1323<6),AND(OR(Z1323=1,Z1323=0),X1323>5,X1323<20),AND(Z1323>1,Z1323<4,X1323>0,X1323<6)),"Simples",IF(OR(AND(OR(Z1323=1,Z1323=0),X1323>19),AND(Z1323>1,Z1323<4,X1323>5,X1323<20),AND(Z1323>3,X1323>0,X1323<6)),"Médio",IF(OR(AND(Z1323>1,Z1323<4,X1323>19),AND(Z1323>3,X1323>5,X1323<20),AND(Z1323>3,X1323>19)),"Complexo",""))),"")) | AC1323: =IF(W1323="ALI",IF(OR(AND(OR(Z1323=1,Z1323=0),X1323>0,X1323<20),AND(OR(Z1323=1,Z1323=0),X1323>19,X1323<51),AND(Z1323>1,Z1323<6,X1323>0,X1323<20)),"Simples",IF(OR(AND(OR(Z1323=1,Z1323=0),X1323>50),AND(Z1323>1,Z1323<6,X1323>19,X1323<51),AND(Z1323>5,X1323>0,X1323<20)),"Médio",IF(OR(AND(Z1323>1,Z1323<6,X1323>50),AND(Z1323>5,X1323>19,X1323<51),AND(Z1323>5,X1323>50)),"Complexo",""))), IF(W1323="AIE",IF(OR(AND(OR(Z1323=1, Z1323=0),X1323>0,X1323<20),AND(OR(Z1323=1, Z1323=0),X1323>19,X1323<51),AND(Z1323>1,Z1323<6,X1323>0,X1323<20)),"Simples",IF(OR(AND(OR(Z1323=1, Z1323=0),X1323>50),AND(Z1323>1,Z1323<6,X1323>19,X1323<51),AND(Z1323>5,X1323>0,X1323<20)),"Médio",IF(OR(AND(Z1323>1,Z1323<6,X1323>50),AND(Z1323>5,X1323>19,X1323<51),AND(Z1323>5,X1323>50)),"Complexo",""))),"")) | AD1323: =IF(AB1323="",AC1323,IF(AC1323="",AB1323,"")) | AE1323: =IF(AND(OR(W1323="EE",W1323="CE"),AD1323="Simples"),3, IF(AND(OR(W1323="EE",W1323="CE"),AD1323="Médio"),4, IF(AND(OR(W1323="EE",W1323="CE"),AD1323="Complexo"),6, IF(AND(W1323="SE",AD1323="Simples"),4, IF(AND(W1323="SE",AD1323="Médio"),5, IF(AND(W1323="SE",AD1323="Complexo"),7,0)))))) -> 0 | AF1323: =IF(AND(W1323="ALI",AC1323="Simples"),7, IF(AND(W1323="ALI",AC1323="Médio"),10, IF(AND(W1323="ALI",AC1323="Complexo"),15, IF(AND(W1323="AIE",AC1323="Simples"),5, IF(AND(W1323="AIE",AC1323="Médio"),7, IF(AND(W1323="AIE",AC1323="Complexo"),10,0)))))) -> 0 | AG1323: =IF(T1323="OK",Q1323,( IF(U1323<>"Manutenção em interface",IF(U1323<>"Desenv., Manutenção e Publicação de Páginas Estáticas",(AE1323+AF1323)*V1323,V1323),V1323))) -> 0 | AM1323: =IF(AG1323=0,"",IF(AG1323=Q1323,"OK","Divergente"))
A1324: Só inserir linhas antes desta. | T1324: Só inserir linhas antes desta.
N1325: Tamanho Funcional | P1325: =IF(AND(G1325="ALI",M1325="Simples"),7, IF(AND(G1325="ALI",M1325="Médio"),10, IF(AND(G1325="ALI",M1325="Complexo"),15, IF(AND(G1325="AIE",M1325="Simples"),5, IF(AND(G1325="AIE",M1325="Médio"),7, IF(AND(G1325="AIE",M1325="Complexo"),10,0)))))) -> 0 | Q1325: =SUM(Q10:Q1324) -> 0 | AD1325: Tamanho Funcional | AF1325: =IF(AND(W1325="ALI",AC1325="Simples"),7, IF(AND(W1325="ALI",AC1325="Médio"),10, IF(AND(W1325="ALI",AC1325="Complexo"),15, IF(AND(W1325="AIE",AC1325="Simples"),5, IF(AND(W1325="AIE",AC1325="Médio"),7, IF(AND(W1325="AIE",AC1325="Complexo"),10,0)))))) -> 0 | AG1325: =SUM(AG10:AG1323) -> 0

Sheet AFP - INM
A1: =Resumo!A1 -> Template V.2.0 | C1: Contagem de Pontos de Função INM - Itens Não mensuráveis
K3: Elaborador da contagem: | V3: Validação/Controle de Divergência Fábrica de Métricas/Cliente | Y3: Elaborador da contagem:
K4: Data da Contagem: | Y4: Data da Contagem:
A5: Contagem Fábrica de Software: | D5: =PF_INM -> 0 | K5: Revisor da contagem: | Y5: Revisor da contagem:
A6: Contagem Fábrica de Métricas: | D6: =AI385 -> 0 | K6: Data da Revisão: | Y6: Data da Revisão:
A8: ID | B8: Tipo Projeto | C8: Fator Ajuste | D8: Item PT | E8: Release | F8: Módulo | G8: Requisito | H8: Processos elementares | J8: Desenvolvimento | T8: Fund. | V8: Validação | W8: Tipo Projeto | X8: Fator Ajuste | Z8: Desenvolvimento | AJ8: Fund. | AL8: Resposta Fábrica de Software | AN8: Parecer Final | AO8: Validação Final
I9: Tipo | J9: Qtd | K9: DER | L9: RL/AR | M9: Tipo | N9: C_T | O9: C_D | P9: Complexidade | Q9: PF_T | R9: PF_D | S9: PF | Y9: Tipo | Z9: Qtd | AA9: DER | AB9: RL/AR | AC9: Tipo | AD9: C_T | AE9: C_D | AF9: Complexidade | AG9: PF_T | AH9: PF_D | AI9: PF
A10: Só inserir linhas depois desta. | V10: Só inserir linhas depois desta.
C11: =IF($B11<>"",VLOOKUP($B11,Matriz_INM,2,0),0) -> 0 | I11: =IFERROR(VLOOKUP($B11,Matriz_INM,3,0),"") | N11: =IF(M11="EE",IF(OR(AND(OR(L11=1,L11=0),K11>0,K11<5),AND(OR(L11=1,L11=0),K11>4,K11<16),AND(L11=2,K11>0,K11<5)),"Simples",IF(OR(AND(OR(L11=1,L11=0),K11>15),AND(L11=2,K11>4,K11<16),AND(L11>2,K11>0,K11<5)),"Médio",IF(OR(AND(L11=2,K11>15),AND(L11>2,K11>4,K11<16),AND(L11>2,K11>15)),"Complexo",""))), IF(OR(M11="CE",M11="SE"),IF(OR(AND(OR(L11=1,L11=0),K11>0,K11<6),AND(OR(L11=1,L11=0),K11>5,K11<20),AND(L11>1,L11<4,K11>0,K11<6)),"Simples",IF(OR(AND(OR(L11=1,L11=0),K11>19),AND(L11>1,L11<4,K11>5,K11<20),AND(L11>3,K11>0,K11<6)),"Médio",IF(OR(AND(L11>1,L11<4,K11>19),AND(L11>3,K11>5,K11<20),AND(L11>3,K11>19)),"Complexo",""))),"")) | O11: =IF(M11="ALI",IF(OR(AND(OR(L11=1,L11=0),K11>0,K11<20),AND(OR(L11=1,L11=0),K11>19,K11<51),AND(L11>1,L11<6,K11>0,K11<20)),"Simples",IF(OR(AND(OR(L11=1,L11=0),K11>50),AND(L11>1,L11<6,K11>19,K11<51),AND(L11>5,K11>0,K11<20)),"Médio",IF(OR(AND(L11>1,L11<6,K11>50),AND(L11>5,K11>19,K11<51),AND(L11>5,K11>50)),"Complexo",""))), IF(M11="AIE",IF(OR(AND(OR(L11=1, L11=0),K11>0,K11<20),AND(OR(L11=1, L11=0),K11>19,K11<51),AND(L11>1,L11<6,K11>0,K11<20)),"Simples",IF(OR(AND(OR(L11=1, L11=0),K11>50),AND(L11>1,L11<6,K11>19,K11<51),AND(L11>5,K11>0,K11<20)),"Médio",IF(OR(AND(L11>1,L11<6,K11>50),AND(L11>5,K11>19,K11<51),AND(L11>5,K11>50)),"Complexo",""))),"")) | P11: =IF(N11="",O11,IF(O11="",N11,"")) | Q11: =IF(AND(OR(M11="EE",M11="CE"),P11="Simples"),3, IF(AND(OR(M11="EE",M11="CE"),P11="Médio"),4, IF(AND(OR(M11="EE",M11="CE"),P11="Complexo"),6, IF(AND(M11="SE",P11="Simples"),4, IF(AND(M11="SE",P11="Médio"),5, IF(AND(M11="SE",P11="Complexo"),7,0)))))) -> 0 | R11: =IF(AND(M11="ALI",O11="Simples"),7, IF(AND(M11="ALI",O11="Médio"),10, IF(AND(M11="ALI",O11="Complexo"),15, IF(AND(M11="AIE",O11="Simples"),5, IF(AND(M11="AIE",O11="Médio"),7, IF(AND(M11="AIE",O11="Complexo"),10,0)))))) -> 0 | S11: =IF($I11="%",($Q11+$R11)*$C11,$C11*J11) -> 0 | X11: =IF($W11<>"",VLOOKUP($W11,Matriz_INM,2,0),0) -> 0 | Y11: =IFERROR(VLOOKUP($W11,Matriz_INM,3,0),"") | AD11: =IF(AC11="EE",IF(OR(AND(OR(AB11=1,AB11=0),AA11>0,AA11<5),AND(OR(AB11=1,AB11=0),AA11>4,AA11<16),AND(AB11=2,AA11>0,AA11<5)),"Simples",IF(OR(AND(OR(AB11=1,AB11=0),AA11>15),AND(AB11=2,AA11>4,AA11<16),AND(AB11>2,AA11>0,AA11<5)),"Médio",IF(OR(AND(AB11=2,AA11>15),AND(AB11>2,AA11>4,AA11<16),AND(AB11>2,AA11>15)),"Complexo",""))), IF(OR(AC11="CE",AC11="SE"),IF(OR(AND(OR(AB11=1,AB11=0),AA11>0,AA11<6),AND(OR(AB11=1,AB11=0),AA11>5,AA11<20),AND(AB11>1,AB11<4,AA11>0,AA11<6)),"Simples",IF(OR(AND(OR(AB11=1,AB11=0),AA11>19),AND(AB11>1,AB11<4,AA11>5,AA11<20),AND(AB11>3,AA11>0,AA11<6)),"Médio",IF(OR(AND(AB11>1,AB11<4,AA11>19),AND(AB11>3,AA11>5,AA11<20),AND(AB11>3,AA11>19)),"Complexo",""))),"")) | AE11: =IF(AC11="ALI",IF(OR(AND(OR(AB11=1,AB11=0),AA11>0,AA11<20),AND(OR(AB11=1,AB11=0),AA11>19,AA11<51),AND(AB11>1,AB11<6,AA11>0,AA11<20)),"Simples",IF(OR(AND(OR(AB11=1,AB11=0),AA11>50),AND(AB11>1,AB11<6,AA11>19,AA11<51),AND(AB11>5,AA11>0,AA11<20)),"Médio",IF(OR(AND(AB11>1,AB11<6,AA11>50),AND(AB11>5,AA11>19,AA11<51),AND(AB11>5,AA11>50)),"Complexo",""))), IF(AC11="AIE",IF(OR(AND(OR(AB11=1, AB11=0),AA11>0,AA11<20),AND(OR(AB11=1, AB11=0),AA11>19,AA11<51),AND(AB11>1,AB11<6,AA11>0,AA11<20)),"Simples",IF(OR(AND(OR(AB11=1, AB11=0),AA11>50),AND(AB11>1,AB11<6,AA11>19,AA11<51),AND(AB11>5,AA11>0,AA11<20)),"Médio",IF(OR(AND(AB11>1,AB11<6,AA11>50),AND(AB11>5,AA11>19,AA11<51),AND(AB11>5,AA11>50)),"Complexo",""))),"")) | AF11: =IF(AD11="",AE11,IF(AE11="",AD11,"")) | AG11: =IF(AND(OR(AC11="EE",AC11="CE"),AF11="Simples"),3, IF(AND(OR(AC11="EE",AC11="CE"),AF11="Médio"),4, IF(AND(OR(AC11="EE",AC11="CE"),AF11="Complexo"),6, IF(AND(AC11="SE",AF11="Simples"),4, IF(AND(AC11="SE",AF11="Médio"),5, IF(AND(AC11="SE",AF11="Complexo"),7,0)))))) -> 0 | AH11: =IF(AND(AC11="ALI",AE11="Simples"),7, IF(AND(AC11="ALI",AE11="Médio"),10, IF(AND(AC11="ALI",AE11="Complexo"),15, IF(AND(AC11="AIE",AE11="Simples"),5, IF(AND(AC11="AIE",AE11="Médio"),7, IF(AND(AC11="AIE",AE11="Complexo"),10,0)))))) -> 0 | AI11: =IF(V11="OK",S11,IF($Y11="%",($AG11+$AH11)*$X11,$X11*Z11)) -> 0 | AO11: =IF(AI11=0,"",IF(AI11=S11,"OK","Divergente"))
C12: =IF($B12<>"",VLOOKUP($B12,Matriz_INM,2,0),0) -> 0 | I12: =IFERROR(VLOOKUP($B12,Matriz_INM,3,0),"") | N12: =IF(M12="EE",IF(OR(AND(OR(L12=1,L12=0),K12>0,K12<5),AND(OR(L12=1,L12=0),K12>4,K12<16),AND(L12=2,K12>0,K12<5)),"Simples",IF(OR(AND(OR(L12=1,L12=0),K12>15),AND(L12=2,K12>4,K12<16),AND(L12>2,K12>0,K12<5)),"Médio",IF(OR(AND(L12=2,K12>15),AND(L12>2,K12>4,K12<16),AND(L12>2,K12>15)),"Complexo",""))), IF(OR(M12="CE",M12="SE"),IF(OR(AND(OR(L12=1,L12=0),K12>0,K12<6),AND(OR(L12=1,L12=0),K12>5,K12<20),AND(L12>1,L12<4,K12>0,K12<6)),"Simples",IF(OR(AND(OR(L12=1,L12=0),K12>19),AND(L12>1,L12<4,K12>5,K12<20),AND(L12>3,K12>0,K12<6)),"Médio",IF(OR(AND(L12>1,L12<4,K12>19),AND(L12>3,K12>5,K12<20),AND(L12>3,K12>19)),"Complexo",""))),"")) | O12: =IF(M12="ALI",IF(OR(AND(OR(L12=1,L12=0),K12>0,K12<20),AND(OR(L12=1,L12=0),K12>19,K12<51),AND(L12>1,L12<6,K12>0,K12<20)),"Simples",IF(OR(AND(OR(L12=1,L12=0),K12>50),AND(L12>1,L12<6,K12>19,K12<51),AND(L12>5,K12>0,K12<20)),"Médio",IF(OR(AND(L12>1,L12<6,K12>50),AND(L12>5,K12>19,K12<51),AND(L12>5,K12>50)),"Complexo",""))), IF(M12="AIE",IF(OR(AND(OR(L12=1, L12=0),K12>0,K12<20),AND(OR(L12=1, L12=0),K12>19,K12<51),AND(L12>1,L12<6,K12>0,K12<20)),"Simples",IF(OR(AND(OR(L12=1, L12=0),K12>50),AND(L12>1,L12<6,K12>19,K12<51),AND(L12>5,K12>0,K12<20)),"Médio",IF(OR(AND(L12>1,L12<6,K12>50),AND(L12>5,K12>19,K12<51),AND(L12>5,K12>50)),"Complexo",""))),"")) | P12: =IF(N12="",O12,IF(O12="",N12,"")) | Q12: =IF(AND(OR(M12="EE",M12="CE"),P12="Simples"),3, IF(AND(OR(M12="EE",M12="CE"),P12="Médio"),4, IF(AND(OR(M12="EE",M12="CE"),P12="Complexo"),6, IF(AND(M12="SE",P12="Simples"),4, IF(AND(M12="SE",P12="Médio"),5, IF(AND(M12="SE",P12="Complexo"),7,0)))))) -> 0 | R12: =IF(AND(M12="ALI",O12="Simples"),7, IF(AND(M12="ALI",O12="Médio"),10, IF(AND(M12="ALI",O12="Complexo"),15, IF(AND(M12="AIE",O12="Simples"),5, IF(AND(M12="AIE",O12="Médio"),7, IF(AND(M12="AIE",O12="Complexo"),10,0)))))) -> 0 | S12: =IF($I12="%",($Q12+$R12)*$C12,$C12*J12) -> 0 | X12: =IF($W12<>"",VLOOKUP($W12,Matriz_INM,2,0),0) -> 0 | Y12: =IFERROR(VLOOKUP($W12,Matriz_INM,3,0),"") | AD12: =IF(AC12="EE",IF(OR(AND(OR(AB12=1,AB12=0),AA12>0,AA12<5),AND(OR(AB12=1,AB12=0),AA12>4,AA12<16),AND(AB12=2,AA12>0,AA12<5)),"Simples",IF(OR(AND(OR(AB12=1,AB12=0),AA12>15),AND(AB12=2,AA12>4,AA12<16),AND(AB12>2,AA12>0,AA12<5)),"Médio",IF(OR(AND(AB12=2,AA12>15),AND(AB12>2,AA12>4,AA12<16),AND(AB12>2,AA12>15)),"Complexo",""))), IF(OR(AC12="CE",AC12="SE"),IF(OR(AND(OR(AB12=1,AB12=0),AA12>0,AA12<6),AND(OR(AB12=1,AB12=0),AA12>5,AA12<20),AND(AB12>1,AB12<4,AA12>0,AA12<6)),"Simples",IF(OR(AND(OR(AB12=1,AB12=0),AA12>19),AND(AB12>1,AB12<4,AA12>5,AA12<20),AND(AB12>3,AA12>0,AA12<6)),"Médio",IF(OR(AND(AB12>1,AB12<4,AA12>19),AND(AB12>3,AA12>5,AA12<20),AND(AB12>3,AA12>19)),"Complexo",""))),"")) | AE12: =IF(AC12="ALI",IF(OR(AND(OR(AB12=1,AB12=0),AA12>0,AA12<20),AND(OR(AB12=1,AB12=0),AA12>19,AA12<51),AND(AB12>1,AB12<6,AA12>0,AA12<20)),"Simples",IF(OR(AND(OR(AB12=1,AB12=0),AA12>50),AND(AB12>1,AB12<6,AA12>19,AA12<51),AND(AB12>5,AA12>0,AA12<20)),"Médio",IF(OR(AND(AB12>1,AB12<6,AA12>50),AND(AB12>5,AA12>19,AA12<51),AND(AB12>5,AA12>50)),"Complexo",""))), IF(AC12="AIE",IF(OR(AND(OR(AB12=1, AB12=0),AA12>0,AA12<20),AND(OR(AB12=1, AB12=0),AA12>19,AA12<51),AND(AB12>1,AB12<6,AA12>0,AA12<20)),"Simples",IF(OR(AND(OR(AB12=1, AB12=0),AA12>50),AND(AB12>1,AB12<6,AA12>19,AA12<51),AND(AB12>5,AA12>0,AA12<20)),"Médio",IF(OR(AND(AB12>1,AB12<6,AA12>50),AND(AB12>5,AA12>19,AA12<51),AND(AB12>5,AA12>50)),"Complexo",""))),"")) | AF12: =IF(AD12="",AE12,IF(AE12="",AD12,"")) | AG12: =IF(AND(OR(AC12="EE",AC12="CE"),AF12="Simples"),3, IF(AND(OR(AC12="EE",AC12="CE"),AF12="Médio"),4, IF(AND(OR(AC12="EE",AC12="CE"),AF12="Complexo"),6, IF(AND(AC12="SE",AF12="Simples"),4, IF(AND(AC12="SE",AF12="Médio"),5, IF(AND(AC12="SE",AF12="Complexo"),7,0)))))) -> 0 | AH12: =IF(AND(AC12="ALI",AE12="Simples"),7, IF(AND(AC12="ALI",AE12="Médio"),10, IF(AND(AC12="ALI",AE12="Complexo"),15, IF(AND(AC12="AIE",AE12="Simples"),5, IF(AND(AC12="AIE",AE12="Médio"),7, IF(AND(AC12="AIE",AE12="Complexo"),10,0)))))) -> 0 | AI12: =IF(V12="OK",S12,IF($Y12="%",($AG12+$AH12)*$X12,$X12*Z12)) -> 0 | AO12: =IF(AI12=0,"",IF(AI12=S12,"OK","Divergente"))
C13: =IF($B13<>"",VLOOKUP($B13,Matriz_INM,2,0),0) -> 0 | I13: =IFERROR(VLOOKUP($B13,Matriz_INM,3,0),"") | N13: =IF(M13="EE",IF(OR(AND(OR(L13=1,L13=0),K13>0,K13<5),AND(OR(L13=1,L13=0),K13>4,K13<16),AND(L13=2,K13>0,K13<5)),"Simples",IF(OR(AND(OR(L13=1,L13=0),K13>15),AND(L13=2,K13>4,K13<16),AND(L13>2,K13>0,K13<5)),"Médio",IF(OR(AND(L13=2,K13>15),AND(L13>2,K13>4,K13<16),AND(L13>2,K13>15)),"Complexo",""))), IF(OR(M13="CE",M13="SE"),IF(OR(AND(OR(L13=1,L13=0),K13>0,K13<6),AND(OR(L13=1,L13=0),K13>5,K13<20),AND(L13>1,L13<4,K13>0,K13<6)),"Simples",IF(OR(AND(OR(L13=1,L13=0),K13>19),AND(L13>1,L13<4,K13>5,K13<20),AND(L13>3,K13>0,K13<6)),"Médio",IF(OR(AND(L13>1,L13<4,K13>19),AND(L13>3,K13>5,K13<20),AND(L13>3,K13>19)),"Complexo",""))),"")) | O13: =IF(M13="ALI",IF(OR(AND(OR(L13=1,L13=0),K13>0,K13<20),AND(OR(L13=1,L13=0),K13>19,K13<51),AND(L13>1,L13<6,K13>0,K13<20)),"Simples",IF(OR(AND(OR(L13=1,L13=0),K13>50),AND(L13>1,L13<6,K13>19,K13<51),AND(L13>5,K13>0,K13<20)),"Médio",IF(OR(AND(L13>1,L13<6,K13>50),AND(L13>5,K13>19,K13<51),AND(L13>5,K13>50)),"Complexo",""))), IF(M13="AIE",IF(OR(AND(OR(L13=1, L13=0),K13>0,K13<20),AND(OR(L13=1, L13=0),K13>19,K13<51),AND(L13>1,L13<6,K13>0,K13<20)),"Simples",IF(OR(AND(OR(L13=1, L13=0),K13>50),AND(L13>1,L13<6,K13>19,K13<51),AND(L13>5,K13>0,K13<20)),"Médio",IF(OR(AND(L13>1,L13<6,K13>50),AND(L13>5,K13>19,K13<51),AND(L13>5,K13>50)),"Complexo",""))),"")) | P13: =IF(N13="",O13,IF(O13="",N13,"")) | Q13: =IF(AND(OR(M13="EE",M13="CE"),P13="Simples"),3, IF(AND(OR(M13="EE",M13="CE"),P13="Médio"),4, IF(AND(OR(M13="EE",M13="CE"),P13="Complexo"),6, IF(AND(M13="SE",P13="Simples"),4, IF(AND(M13="SE",P13="Médio"),5, IF(AND(M13="SE",P13="Complexo"),7,0)))))) -> 0 | R13: =IF(AND(M13="ALI",O13="Simples"),7, IF(AND(M13="ALI",O13="Médio"),10, IF(AND(M13="ALI",O13="Complexo"),15, IF(AND(M13="AIE",O13="Simples"),5, IF(AND(M13="AIE",O13="Médio"),7, IF(AND(M13="AIE",O13="Complexo"),10,0)))))) -> 0 | S13: =IF($I13="%",($Q13+$R13)*$C13,$C13*J13) -> 0 | X13: =IF($W13<>"",VLOOKUP($W13,Matriz_INM,2,0),0) -> 0 | Y13: =IFERROR(VLOOKUP($W13,Matriz_INM,3,0),"") | AD13: =IF(AC13="EE",IF(OR(AND(OR(AB13=1,AB13=0),AA13>0,AA13<5),AND(OR(AB13=1,AB13=0),AA13>4,AA13<16),AND(AB13=2,AA13>0,AA13<5)),"Simples",IF(OR(AND(OR(AB13=1,AB13=0),AA13>15),AND(AB13=2,AA13>4,AA13<16),AND(AB13>2,AA13>0,AA13<5)),"Médio",IF(OR(AND(AB13=2,AA13>15),AND(AB13>2,AA13>4,AA13<16),AND(AB13>2,AA13>15)),"Complexo",""))), IF(OR(AC13="CE",AC13="SE"),IF(OR(AND(OR(AB13=1,AB13=0),AA13>0,AA13<6),AND(OR(AB13=1,AB13=0),AA13>5,AA13<20),AND(AB13>1,AB13<4,AA13>0,AA13<6)),"Simples",IF(OR(AND(OR(AB13=1,AB13=0),AA13>19),AND(AB13>1,AB13<4,AA13>5,AA13<20),AND(AB13>3,AA13>0,AA13<6)),"Médio",IF(OR(AND(AB13>1,AB13<4,AA13>19),AND(AB13>3,AA13>5,AA13<20),AND(AB13>3,AA13>19)),"Complexo",""))),"")) | AE13: =IF(AC13="ALI",IF(OR(AND(OR(AB13=1,AB13=0),AA13>0,AA13<20),AND(OR(AB13=1,AB13=0),AA13>19,AA13<51),AND(AB13>1,AB13<6,AA13>0,AA13<20)),"Simples",IF(OR(AND(OR(AB13=1,AB13=0),AA13>50),AND(AB13>1,AB13<6,AA13>19,AA13<51),AND(AB13>5,AA13>0,AA13<20)),"Médio",IF(OR(AND(AB13>1,AB13<6,AA13>50),AND(AB13>5,AA13>19,AA13<51),AND(AB13>5,AA13>50)),"Complexo",""))), IF(AC13="AIE",IF(OR(AND(OR(AB13=1, AB13=0),AA13>0,AA13<20),AND(OR(AB13=1, AB13=0),AA13>19,AA13<51),AND(AB13>1,AB13<6,AA13>0,AA13<20)),"Simples",IF(OR(AND(OR(AB13=1, AB13=0),AA13>50),AND(AB13>1,AB13<6,AA13>19,AA13<51),AND(AB13>5,AA13>0,AA13<20)),"Médio",IF(OR(AND(AB13>1,AB13<6,AA13>50),AND(AB13>5,AA13>19,AA13<51),AND(AB13>5,AA13>50)),"Complexo",""))),"")) | AF13: =IF(AD13="",AE13,IF(AE13="",AD13,"")) | AG13: =IF(AND(OR(AC13="EE",AC13="CE"),AF13="Simples"),3, IF(AND(OR(AC13="EE",AC13="CE"),AF13="Médio"),4, IF(AND(OR(AC13="EE",AC13="CE"),AF13="Complexo"),6, IF(AND(AC13="SE",AF13="Simples"),4, IF(AND(AC13="SE",AF13="Médio"),5, IF(AND(AC13="SE",AF13="Complexo"),7,0)))))) -> 0 | AH13: =IF(AND(AC13="ALI",AE13="Simples"),7, IF(AND(AC13="ALI",AE13="Médio"),10, IF(AND(AC13="ALI",AE13="Complexo"),15, IF(AND(AC13="AIE",AE13="Simples"),5, IF(AND(AC13="AIE",AE13="Médio"),7, IF(AND(AC13="AIE",AE13="Complexo"),10,0)))))) -> 0 | AI13: =IF(V13="OK",S13,IF($Y13="%",($AG13+$AH13)*$X13,$X13*Z13)) -> 0 | AO13: =IF(AI13=0,"",IF(AI13=S13,"OK","Divergente"))
C14: =IF($B14<>"",VLOOKUP($B14,Matriz_INM,2,0),0) -> 0 | I14: =IFERROR(VLOOKUP($B14,Matriz_INM,3,0),"") | N14: =IF(M14="EE",IF(OR(AND(OR(L14=1,L14=0),K14>0,K14<5),AND(OR(L14=1,L14=0),K14>4,K14<16),AND(L14=2,K14>0,K14<5)),"Simples",IF(OR(AND(OR(L14=1,L14=0),K14>15),AND(L14=2,K14>4,K14<16),AND(L14>2,K14>0,K14<5)),"Médio",IF(OR(AND(L14=2,K14>15),AND(L14>2,K14>4,K14<16),AND(L14>2,K14>15)),"Complexo",""))), IF(OR(M14="CE",M14="SE"),IF(OR(AND(OR(L14=1,L14=0),K14>0,K14<6),AND(OR(L14=1,L14=0),K14>5,K14<20),AND(L14>1,L14<4,K14>0,K14<6)),"Simples",IF(OR(AND(OR(L14=1,L14=0),K14>19),AND(L14>1,L14<4,K14>5,K14<20),AND(L14>3,K14>0,K14<6)),"Médio",IF(OR(AND(L14>1,L14<4,K14>19),AND(L14>3,K14>5,K14<20),AND(L14>3,K14>19)),"Complexo",""))),"")) | O14: =IF(M14="ALI",IF(OR(AND(OR(L14=1,L14=0),K14>0,K14<20),AND(OR(L14=1,L14=0),K14>19,K14<51),AND(L14>1,L14<6,K14>0,K14<20)),"Simples",IF(OR(AND(OR(L14=1,L14=0),K14>50),AND(L14>1,L14<6,K14>19,K14<51),AND(L14>5,K14>0,K14<20)),"Médio",IF(OR(AND(L14>1,L14<6,K14>50),AND(L14>5,K14>19,K14<51),AND(L14>5,K14>50)),"Complexo",""))), IF(M14="AIE",IF(OR(AND(OR(L14=1, L14=0),K14>0,K14<20),AND(OR(L14=1, L14=0),K14>19,K14<51),AND(L14>1,L14<6,K14>0,K14<20)),"Simples",IF(OR(AND(OR(L14=1, L14=0),K14>50),AND(L14>1,L14<6,K14>19,K14<51),AND(L14>5,K14>0,K14<20)),"Médio",IF(OR(AND(L14>1,L14<6,K14>50),AND(L14>5,K14>19,K14<51),AND(L14>5,K14>50)),"Complexo",""))),"")) | P14: =IF(N14="",O14,IF(O14="",N14,"")) | Q14: =IF(AND(OR(M14="EE",M14="CE"),P14="Simples"),3, IF(AND(OR(M14="EE",M14="CE"),P14="Médio"),4, IF(AND(OR(M14="EE",M14="CE"),P14="Complexo"),6, IF(AND(M14="SE",P14="Simples"),4, IF(AND(M14="SE",P14="Médio"),5, IF(AND(M14="SE",P14="Complexo"),7,0)))))) -> 0 | R14: =IF(AND(M14="ALI",O14="Simples"),7, IF(AND(M14="ALI",O14="Médio"),10, IF(AND(M14="ALI",O14="Complexo"),15, IF(AND(M14="AIE",O14="Simples"),5, IF(AND(M14="AIE",O14="Médio"),7, IF(AND(M14="AIE",O14="Complexo"),10,0)))))) -> 0 | S14: =IF($I14="%",($Q14+$R14)*$C14,$C14*J14) -> 0 | X14: =IF($W14<>"",VLOOKUP($W14,Matriz_INM,2,0),0) -> 0 | Y14: =IFERROR(VLOOKUP($W14,Matriz_INM,3,0),"") | AD14: =IF(AC14="EE",IF(OR(AND(OR(AB14=1,AB14=0),AA14>0,AA14<5),AND(OR(AB14=1,AB14=0),AA14>4,AA14<16),AND(AB14=2,AA14>0,AA14<5)),"Simples",IF(OR(AND(OR(AB14=1,AB14=0),AA14>15),AND(AB14=2,AA14>4,AA14<16),AND(AB14>2,AA14>0,AA14<5)),"Médio",IF(OR(AND(AB14=2,AA14>15),AND(AB14>2,AA14>4,AA14<16),AND(AB14>2,AA14>15)),"Complexo",""))), IF(OR(AC14="CE",AC14="SE"),IF(OR(AND(OR(AB14=1,AB14=0),AA14>0,AA14<6),AND(OR(AB14=1,AB14=0),AA14>5,AA14<20),AND(AB14>1,AB14<4,AA14>0,AA14<6)),"Simples",IF(OR(AND(OR(AB14=1,AB14=0),AA14>19),AND(AB14>1,AB14<4,AA14>5,AA14<20),AND(AB14>3,AA14>0,AA14<6)),"Médio",IF(OR(AND(AB14>1,AB14<4,AA14>19),AND(AB14>3,AA14>5,AA14<20),AND(AB14>3,AA14>19)),"Complexo",""))),"")) | AE14: =IF(AC14="ALI",IF(OR(AND(OR(AB14=1,AB14=0),AA14>0,AA14<20),AND(OR(AB14=1,AB14=0),AA14>19,AA14<51),AND(AB14>1,AB14<6,AA14>0,AA14<20)),"Simples",IF(OR(AND(OR(AB14=1,AB14=0),AA14>50),AND(AB14>1,AB14<6,AA14>19,AA14<51),AND(AB14>5,AA14>0,AA14<20)),"Médio",IF(OR(AND(AB14>1,AB14<6,AA14>50),AND(AB14>5,AA14>19,AA14<51),AND(AB14>5,AA14>50)),"Complexo",""))), IF(AC14="AIE",IF(OR(AND(OR(AB14=1, AB14=0),AA14>0,AA14<20),AND(OR(AB14=1, AB14=0),AA14>19,AA14<51),AND(AB14>1,AB14<6,AA14>0,AA14<20)),"Simples",IF(OR(AND(OR(AB14=1, AB14=0),AA14>50),AND(AB14>1,AB14<6,AA14>19,AA14<51),AND(AB14>5,AA14>0,AA14<20)),"Médio",IF(OR(AND(AB14>1,AB14<6,AA14>50),AND(AB14>5,AA14>19,AA14<51),AND(AB14>5,AA14>50)),"Complexo",""))),"")) | AF14: =IF(AD14="",AE14,IF(AE14="",AD14,"")) | AG14: =IF(AND(OR(AC14="EE",AC14="CE"),AF14="Simples"),3, IF(AND(OR(AC14="EE",AC14="CE"),AF14="Médio"),4, IF(AND(OR(AC14="EE",AC14="CE"),AF14="Complexo"),6, IF(AND(AC14="SE",AF14="Simples"),4, IF(AND(AC14="SE",AF14="Médio"),5, IF(AND(AC14="SE",AF14="Complexo"),7,0)))))) -> 0 | AH14: =IF(AND(AC14="ALI",AE14="Simples"),7, IF(AND(AC14="ALI",AE14="Médio"),10, IF(AND(AC14="ALI",AE14="Complexo"),15, IF(AND(AC14="AIE",AE14="Simples"),5, IF(AND(AC14="AIE",AE14="Médio"),7, IF(AND(AC14="AIE",AE14="Complexo"),10,0)))))) -> 0 | AI14: =IF(V14="OK",S14,IF($Y14="%",($AG14+$AH14)*$X14,$X14*Z14)) -> 0 | AO14: =IF(AI14=0,"",IF(AI14=S14,"OK","Divergente"))
C15: =IF($B15<>"",VLOOKUP($B15,Matriz_INM,2,0),0) -> 0 | I15: =IFERROR(VLOOKUP($B15,Matriz_INM,3,0),"") | N15: =IF(M15="EE",IF(OR(AND(OR(L15=1,L15=0),K15>0,K15<5),AND(OR(L15=1,L15=0),K15>4,K15<16),AND(L15=2,K15>0,K15<5)),"Simples",IF(OR(AND(OR(L15=1,L15=0),K15>15),AND(L15=2,K15>4,K15<16),AND(L15>2,K15>0,K15<5)),"Médio",IF(OR(AND(L15=2,K15>15),AND(L15>2,K15>4,K15<16),AND(L15>2,K15>15)),"Complexo",""))), IF(OR(M15="CE",M15="SE"),IF(OR(AND(OR(L15=1,L15=0),K15>0,K15<6),AND(OR(L15=1,L15=0),K15>5,K15<20),AND(L15>1,L15<4,K15>0,K15<6)),"Simples",IF(OR(AND(OR(L15=1,L15=0),K15>19),AND(L15>1,L15<4,K15>5,K15<20),AND(L15>3,K15>0,K15<6)),"Médio",IF(OR(AND(L15>1,L15<4,K15>19),AND(L15>3,K15>5,K15<20),AND(L15>3,K15>19)),"Complexo",""))),"")) | O15: =IF(M15="ALI",IF(OR(AND(OR(L15=1,L15=0),K15>0,K15<20),AND(OR(L15=1,L15=0),K15>19,K15<51),AND(L15>1,L15<6,K15>0,K15<20)),"Simples",IF(OR(AND(OR(L15=1,L15=0),K15>50),AND(L15>1,L15<6,K15>19,K15<51),AND(L15>5,K15>0,K15<20)),"Médio",IF(OR(AND(L15>1,L15<6,K15>50),AND(L15>5,K15>19,K15<51),AND(L15>5,K15>50)),"Complexo",""))), IF(M15="AIE",IF(OR(AND(OR(L15=1, L15=0),K15>0,K15<20),AND(OR(L15=1, L15=0),K15>19,K15<51),AND(L15>1,L15<6,K15>0,K15<20)),"Simples",IF(OR(AND(OR(L15=1, L15=0),K15>50),AND(L15>1,L15<6,K15>19,K15<51),AND(L15>5,K15>0,K15<20)),"Médio",IF(OR(AND(L15>1,L15<6,K15>50),AND(L15>5,K15>19,K15<51),AND(L15>5,K15>50)),"Complexo",""))),"")) | P15: =IF(N15="",O15,IF(O15="",N15,"")) | Q15: =IF(AND(OR(M15="EE",M15="CE"),P15="Simples"),3, IF(AND(OR(M15="EE",M15="CE"),P15="Médio"),4, IF(AND(OR(M15="EE",M15="CE"),P15="Complexo"),6, IF(AND(M15="SE",P15="Simples"),4, IF(AND(M15="SE",P15="Médio"),5, IF(AND(M15="SE",P15="Complexo"),7,0)))))) -> 0 | R15: =IF(AND(M15="ALI",O15="Simples"),7, IF(AND(M15="ALI",O15="Médio"),10, IF(AND(M15="ALI",O15="Complexo"),15, IF(AND(M15="AIE",O15="Simples"),5, IF(AND(M15="AIE",O15="Médio"),7, IF(AND(M15="AIE",O15="Complexo"),10,0)))))) -> 0 | S15: =IF($I15="%",($Q15+$R15)*$C15,$C15*J15) -> 0 | X15: =IF($W15<>"",VLOOKUP($W15,Matriz_INM,2,0),0) -> 0 | Y15: =IFERROR(VLOOKUP($W15,Matriz_INM,3,0),"") | AD15: =IF(AC15="EE",IF(OR(AND(OR(AB15=1,AB15=0),AA15>0,AA15<5),AND(OR(AB15=1,AB15=0),AA15>4,AA15<16),AND(AB15=2,AA15>0,AA15<5)),"Simples",IF(OR(AND(OR(AB15=1,AB15=0),AA15>15),AND(AB15=2,AA15>4,AA15<16),AND(AB15>2,AA15>0,AA15<5)),"Médio",IF(OR(AND(AB15=2,AA15>15),AND(AB15>2,AA15>4,AA15<16),AND(AB15>2,AA15>15)),"Complexo",""))), IF(OR(AC15="CE",AC15="SE"),IF(OR(AND(OR(AB15=1,AB15=0),AA15>0,AA15<6),AND(OR(AB15=1,AB15=0),AA15>5,AA15<20),AND(AB15>1,AB15<4,AA15>0,AA15<6)),"Simples",IF(OR(AND(OR(AB15=1,AB15=0),AA15>19),AND(AB15>1,AB15<4,AA15>5,AA15<20),AND(AB15>3,AA15>0,AA15<6)),"Médio",IF(OR(AND(AB15>1,AB15<4,AA15>19),AND(AB15>3,AA15>5,AA15<20),AND(AB15>3,AA15>19)),"Complexo",""))),"")) | AE15: =IF(AC15="ALI",IF(OR(AND(OR(AB15=1,AB15=0),AA15>0,AA15<20),AND(OR(AB15=1,AB15=0),AA15>19,AA15<51),AND(AB15>1,AB15<6,AA15>0,AA15<20)),"Simples",IF(OR(AND(OR(AB15=1,AB15=0),AA15>50),AND(AB15>1,AB15<6,AA15>19,AA15<51),AND(AB15>5,AA15>0,AA15<20)),"Médio",IF(OR(AND(AB15>1,AB15<6,AA15>50),AND(AB15>5,AA15>19,AA15<51),AND(AB15>5,AA15>50)),"Complexo",""))), IF(AC15="AIE",IF(OR(AND(OR(AB15=1, AB15=0),AA15>0,AA15<20),AND(OR(AB15=1, AB15=0),AA15>19,AA15<51),AND(AB15>1,AB15<6,AA15>0,AA15<20)),"Simples",IF(OR(AND(OR(AB15=1, AB15=0),AA15>50),AND(AB15>1,AB15<6,AA15>19,AA15<51),AND(AB15>5,AA15>0,AA15<20)),"Médio",IF(OR(AND(AB15>1,AB15<6,AA15>50),AND(AB15>5,AA15>19,AA15<51),AND(AB15>5,AA15>50)),"Complexo",""))),"")) | AF15: =IF(AD15="",AE15,IF(AE15="",AD15,"")) | AG15: =IF(AND(OR(AC15="EE",AC15="CE"),AF15="Simples"),3, IF(AND(OR(AC15="EE",AC15="CE"),AF15="Médio"),4, IF(AND(OR(AC15="EE",AC15="CE"),AF15="Complexo"),6, IF(AND(AC15="SE",AF15="Simples"),4, IF(AND(AC15="SE",AF15="Médio"),5, IF(AND(AC15="SE",AF15="Complexo"),7,0)))))) -> 0 | AH15: =IF(AND(AC15="ALI",AE15="Simples"),7, IF(AND(AC15="ALI",AE15="Médio"),10, IF(AND(AC15="ALI",AE15="Complexo"),15, IF(AND(AC15="AIE",AE15="Simples"),5, IF(AND(AC15="AIE",AE15="Médio"),7, IF(AND(AC15="AIE",AE15="Complexo"),10,0)))))) -> 0 | AI15: =IF(V15="OK",S15,IF($Y15="%",($AG15+$AH15)*$X15,$X15*Z15)) -> 0 | AO15: =IF(AI15=0,"",IF(AI15=S15,"OK","Divergente"))
C16: =IF($B16<>"",VLOOKUP($B16,Matriz_INM,2,0),0) -> 0 | I16: =IFERROR(VLOOKUP($B16,Matriz_INM,3,0),"") | N16: =IF(M16="EE",IF(OR(AND(OR(L16=1,L16=0),K16>0,K16<5),AND(OR(L16=1,L16=0),K16>4,K16<16),AND(L16=2,K16>0,K16<5)),"Simples",IF(OR(AND(OR(L16=1,L16=0),K16>15),AND(L16=2,K16>4,K16<16),AND(L16>2,K16>0,K16<5)),"Médio",IF(OR(AND(L16=2,K16>15),AND(L16>2,K16>4,K16<16),AND(L16>2,K16>15)),"Complexo",""))), IF(OR(M16="CE",M16="SE"),IF(OR(AND(OR(L16=1,L16=0),K16>0,K16<6),AND(OR(L16=1,L16=0),K16>5,K16<20),AND(L16>1,L16<4,K16>0,K16<6)),"Simples",IF(OR(AND(OR(L16=1,L16=0),K16>19),AND(L16>1,L16<4,K16>5,K16<20),AND(L16>3,K16>0,K16<6)),"Médio",IF(OR(AND(L16>1,L16<4,K16>19),AND(L16>3,K16>5,K16<20),AND(L16>3,K16>19)),"Complexo",""))),"")) | O16: =IF(M16="ALI",IF(OR(AND(OR(L16=1,L16=0),K16>0,K16<20),AND(OR(L16=1,L16=0),K16>19,K16<51),AND(L16>1,L16<6,K16>0,K16<20)),"Simples",IF(OR(AND(OR(L16=1,L16=0),K16>50),AND(L16>1,L16<6,K16>19,K16<51),AND(L16>5,K16>0,K16<20)),"Médio",IF(OR(AND(L16>1,L16<6,K16>50),AND(L16>5,K16>19,K16<51),AND(L16>5,K16>50)),"Complexo",""))), IF(M16="AIE",IF(OR(AND(OR(L16=1, L16=0),K16>0,K16<20),AND(OR(L16=1, L16=0),K16>19,K16<51),AND(L16>1,L16<6,K16>0,K16<20)),"Simples",IF(OR(AND(OR(L16=1, L16=0),K16>50),AND(L16>1,L16<6,K16>19,K16<51),AND(L16>5,K16>0,K16<20)),"Médio",IF(OR(AND(L16>1,L16<6,K16>50),AND(L16>5,K16>19,K16<51),AND(L16>5,K16>50)),"Complexo",""))),"")) | P16: =IF(N16="",O16,IF(O16="",N16,"")) | Q16: =IF(AND(OR(M16="EE",M16="CE"),P16="Simples"),3, IF(AND(OR(M16="EE",M16="CE"),P16="Médio"),4, IF(AND(OR(M16="EE",M16="CE"),P16="Complexo"),6, IF(AND(M16="SE",P16="Simples"),4, IF(AND(M16="SE",P16="Médio"),5, IF(AND(M16="SE",P16="Complexo"),7,0)))))) -> 0 | R16: =IF(AND(M16="ALI",O16="Simples"),7, IF(AND(M16="ALI",O16="Médio"),10, IF(AND(M16="ALI",O16="Complexo"),15, IF(AND(M16="AIE",O16="Simples"),5, IF(AND(M16="AIE",O16="Médio"),7, IF(AND(M16="AIE",O16="Complexo"),10,0)))))) -> 0 | S16: =IF($I16="%",($Q16+$R16)*$C16,$C16*J16) -> 0 | X16: =IF($W16<>"",VLOOKUP($W16,Matriz_INM,2,0),0) -> 0 | Y16: =IFERROR(VLOOKUP($W16,Matriz_INM,3,0),"") | AD16: =IF(AC16="EE",IF(OR(AND(OR(AB16=1,AB16=0),AA16>0,AA16<5),AND(OR(AB16=1,AB16=0),AA16>4,AA16<16),AND(AB16=2,AA16>0,AA16<5)),"Simples",IF(OR(AND(OR(AB16=1,AB16=0),AA16>15),AND(AB16=2,AA16>4,AA16<16),AND(AB16>2,AA16>0,AA16<5)),"Médio",IF(OR(AND(AB16=2,AA16>15),AND(AB16>2,AA16>4,AA16<16),AND(AB16>2,AA16>15)),"Complexo",""))), IF(OR(AC16="CE",AC16="SE"),IF(OR(AND(OR(AB16=1,AB16=0),AA16>0,AA16<6),AND(OR(AB16=1,AB16=0),AA16>5,AA16<20),AND(AB16>1,AB16<4,AA16>0,AA16<6)),"Simples",IF(OR(AND(OR(AB16=1,AB16=0),AA16>19),AND(AB16>1,AB16<4,AA16>5,AA16<20),AND(AB16>3,AA16>0,AA16<6)),"Médio",IF(OR(AND(AB16>1,AB16<4,AA16>19),AND(AB16>3,AA16>5,AA16<20),AND(AB16>3,AA16>19)),"Complexo",""))),"")) | AE16: =IF(AC16="ALI",IF(OR(AND(OR(AB16=1,AB16=0),AA16>0,AA16<20),AND(OR(AB16=1,AB16=0),AA16>19,AA16<51),AND(AB16>1,AB16<6,AA16>0,AA16<20)),"Simples",IF(OR(AND(OR(AB16=1,AB16=0),AA16>50),AND(AB16>1,AB16<6,AA16>19,AA16<51),AND(AB16>5,AA16>0,AA16<20)),"Médio",IF(OR(AND(AB16>1,AB16<6,AA16>50),AND(AB16>5,AA16>19,AA16<51),AND(AB16>5,AA16>50)),"Complexo",""))), IF(AC16="AIE",IF(OR(AND(OR(AB16=1, AB16=0),AA16>0,AA16<20),AND(OR(AB16=1, AB16=0),AA16>19,AA16<51),AND(AB16>1,AB16<6,AA16>0,AA16<20)),"Simples",IF(OR(AND(OR(AB16=1, AB16=0),AA16>50),AND(AB16>1,AB16<6,AA16>19,AA16<51),AND(AB16>5,AA16>0,AA16<20)),"Médio",IF(OR(AND(AB16>1,AB16<6,AA16>50),AND(AB16>5,AA16>19,AA16<51),AND(AB16>5,AA16>50)),"Complexo",""))),"")) | AF16: =IF(AD16="",AE16,IF(AE16="",AD16,"")) | AG16: =IF(AND(OR(AC16="EE",AC16="CE"),AF16="Simples"),3, IF(AND(OR(AC16="EE",AC16="CE"),AF16="Médio"),4, IF(AND(OR(AC16="EE",AC16="CE"),AF16="Complexo"),6, IF(AND(AC16="SE",AF16="Simples"),4, IF(AND(AC16="SE",AF16="Médio"),5, IF(AND(AC16="SE",AF16="Complexo"),7,0)))))) -> 0 | AH16: =IF(AND(AC16="ALI",AE16="Simples"),7, IF(AND(AC16="ALI",AE16="Médio"),10, IF(AND(AC16="ALI",AE16="Complexo"),15, IF(AND(AC16="AIE",AE16="Simples"),5, IF(AND(AC16="AIE",AE16="Médio"),7, IF(AND(AC16="AIE",AE16="Complexo"),10,0)))))) -> 0 | AI16: =IF(V16="OK",S16,IF($Y16="%",($AG16+$AH16)*$X16,$X16*Z16)) -> 0 | AO16: =IF(AI16=0,"",IF(AI16=S16,"OK","Divergente"))
C17: =IF($B17<>"",VLOOKUP($B17,Matriz_INM,2,0),0) -> 0 | I17: =IFERROR(VLOOKUP($B17,Matriz_INM,3,0),"") | N17: =IF(M17="EE",IF(OR(AND(OR(L17=1,L17=0),K17>0,K17<5),AND(OR(L17=1,L17=0),K17>4,K17<16),AND(L17=2,K17>0,K17<5)),"Simples",IF(OR(AND(OR(L17=1,L17=0),K17>15),AND(L17=2,K17>4,K17<16),AND(L17>2,K17>0,K17<5)),"Médio",IF(OR(AND(L17=2,K17>15),AND(L17>2,K17>4,K17<16),AND(L17>2,K17>15)),"Complexo",""))), IF(OR(M17="CE",M17="SE"),IF(OR(AND(OR(L17=1,L17=0),K17>0,K17<6),AND(OR(L17=1,L17=0),K17>5,K17<20),AND(L17>1,L17<4,K17>0,K17<6)),"Simples",IF(OR(AND(OR(L17=1,L17=0),K17>19),AND(L17>1,L17<4,K17>5,K17<20),AND(L17>3,K17>0,K17<6)),"Médio",IF(OR(AND(L17>1,L17<4,K17>19),AND(L17>3,K17>5,K17<20),AND(L17>3,K17>19)),"Complexo",""))),"")) | O17: =IF(M17="ALI",IF(OR(AND(OR(L17=1,L17=0),K17>0,K17<20),AND(OR(L17=1,L17=0),K17>19,K17<51),AND(L17>1,L17<6,K17>0,K17<20)),"Simples",IF(OR(AND(OR(L17=1,L17=0),K17>50),AND(L17>1,L17<6,K17>19,K17<51),AND(L17>5,K17>0,K17<20)),"Médio",IF(OR(AND(L17>1,L17<6,K17>50),AND(L17>5,K17>19,K17<51),AND(L17>5,K17>50)),"Complexo",""))), IF(M17="AIE",IF(OR(AND(OR(L17=1, L17=0),K17>0,K17<20),AND(OR(L17=1, L17=0),K17>19,K17<51),AND(L17>1,L17<6,K17>0,K17<20)),"Simples",IF(OR(AND(OR(L17=1, L17=0),K17>50),AND(L17>1,L17<6,K17>19,K17<51),AND(L17>5,K17>0,K17<20)),"Médio",IF(OR(AND(L17>1,L17<6,K17>50),AND(L17>5,K17>19,K17<51),AND(L17>5,K17>50)),"Complexo",""))),"")) | P17: =IF(N17="",O17,IF(O17="",N17,"")) | Q17: =IF(AND(OR(M17="EE",M17="CE"),P17="Simples"),3, IF(AND(OR(M17="EE",M17="CE"),P17="Médio"),4, IF(AND(OR(M17="EE",M17="CE"),P17="Complexo"),6, IF(AND(M17="SE",P17="Simples"),4, IF(AND(M17="SE",P17="Médio"),5, IF(AND(M17="SE",P17="Complexo"),7,0)))))) -> 0 | R17: =IF(AND(M17="ALI",O17="Simples"),7, IF(AND(M17="ALI",O17="Médio"),10, IF(AND(M17="ALI",O17="Complexo"),15, IF(AND(M17="AIE",O17="Simples"),5, IF(AND(M17="AIE",O17="Médio"),7, IF(AND(M17="AIE",O17="Complexo"),10,0)))))) -> 0 | S17: =IF($I17="%",($Q17+$R17)*$C17,$C17*J17) -> 0 | X17: =IF($W17<>"",VLOOKUP($W17,Matriz_INM,2,0),0) -> 0 | Y17: =IFERROR(VLOOKUP($W17,Matriz_INM,3,0),"") | AD17: =IF(AC17="EE",IF(OR(AND(OR(AB17=1,AB17=0),AA17>0,AA17<5),AND(OR(AB17=1,AB17=0),AA17>4,AA17<16),AND(AB17=2,AA17>0,AA17<5)),"Simples",IF(OR(AND(OR(AB17=1,AB17=0),AA17>15),AND(AB17=2,AA17>4,AA17<16),AND(AB17>2,AA17>0,AA17<5)),"Médio",IF(OR(AND(AB17=2,AA17>15),AND(AB17>2,AA17>4,AA17<16),AND(AB17>2,AA17>15)),"Complexo",""))), IF(OR(AC17="CE",AC17="SE"),IF(OR(AND(OR(AB17=1,AB17=0),AA17>0,AA17<6),AND(OR(AB17=1,AB17=0),AA17>5,AA17<20),AND(AB17>1,AB17<4,AA17>0,AA17<6)),"Simples",IF(OR(AND(OR(AB17=1,AB17=0),AA17>19),AND(AB17>1,AB17<4,AA17>5,AA17<20),AND(AB17>3,AA17>0,AA17<6)),"Médio",IF(OR(AND(AB17>1,AB17<4,AA17>19),AND(AB17>3,AA17>5,AA17<20),AND(AB17>3,AA17>19)),"Complexo",""))),"")) | AE17: =IF(AC17="ALI",IF(OR(AND(OR(AB17=1,AB17=0),AA17>0,AA17<20),AND(OR(AB17=1,AB17=0),AA17>19,AA17<51),AND(AB17>1,AB17<6,AA17>0,AA17<20)),"Simples",IF(OR(AND(OR(AB17=1,AB17=0),AA17>50),AND(AB17>1,AB17<6,AA17>19,AA17<51),AND(AB17>5,AA17>0,AA17<20)),"Médio",IF(OR(AND(AB17>1,AB17<6,AA17>50),AND(AB17>5,AA17>19,AA17<51),AND(AB17>5,AA17>50)),"Complexo",""))), IF(AC17="AIE",IF(OR(AND(OR(AB17=1, AB17=0),AA17>0,AA17<20),AND(OR(AB17=1, AB17=0),AA17>19,AA17<51),AND(AB17>1,AB17<6,AA17>0,AA17<20)),"Simples",IF(OR(AND(OR(AB17=1, AB17=0),AA17>50),AND(AB17>1,AB17<6,AA17>19,AA17<51),AND(AB17>5,AA17>0,AA17<20)),"Médio",IF(OR(AND(AB17>1,AB17<6,AA17>50),AND(AB17>5,AA17>19,AA17<51),AND(AB17>5,AA17>50)),"Complexo",""))),"")) | AF17: =IF(AD17="",AE17,IF(AE17="",AD17,"")) | AG17: =IF(AND(OR(AC17="EE",AC17="CE"),AF17="Simples"),3, IF(AND(OR(AC17="EE",AC17="CE"),AF17="Médio"),4, IF(AND(OR(AC17="EE",AC17="CE"),AF17="Complexo"),6, IF(AND(AC17="SE",AF17="Simples"),4, IF(AND(AC17="SE",AF17="Médio"),5, IF(AND(AC17="SE",AF17="Complexo"),7,0)))))) -> 0 | AH17: =IF(AND(AC17="ALI",AE17="Simples"),7, IF(AND(AC17="ALI",AE17="Médio"),10, IF(AND(AC17="ALI",AE17="Complexo"),15, IF(AND(AC17="AIE",AE17="Simples"),5, IF(AND(AC17="AIE",AE17="Médio"),7, IF(AND(AC17="AIE",AE17="Complexo"),10,0)))))) -> 0 | AI17: =IF(V17="OK",S17,IF($Y17="%",($AG17+$AH17)*$X17,$X17*Z17)) -> 0 | AO17: =IF(AI17=0,"",IF(AI17=S17,"OK","Divergente"))
C18: =IF($B18<>"",VLOOKUP($B18,Matriz_INM,2,0),0) -> 0 | I18: =IFERROR(VLOOKUP($B18,Matriz_INM,3,0),"") | N18: =IF(M18="EE",IF(OR(AND(OR(L18=1,L18=0),K18>0,K18<5),AND(OR(L18=1,L18=0),K18>4,K18<16),AND(L18=2,K18>0,K18<5)),"Simples",IF(OR(AND(OR(L18=1,L18=0),K18>15),AND(L18=2,K18>4,K18<16),AND(L18>2,K18>0,K18<5)),"Médio",IF(OR(AND(L18=2,K18>15),AND(L18>2,K18>4,K18<16),AND(L18>2,K18>15)),"Complexo",""))), IF(OR(M18="CE",M18="SE"),IF(OR(AND(OR(L18=1,L18=0),K18>0,K18<6),AND(OR(L18=1,L18=0),K18>5,K18<20),AND(L18>1,L18<4,K18>0,K18<6)),"Simples",IF(OR(AND(OR(L18=1,L18=0),K18>19),AND(L18>1,L18<4,K18>5,K18<20),AND(L18>3,K18>0,K18<6)),"Médio",IF(OR(AND(L18>1,L18<4,K18>19),AND(L18>3,K18>5,K18<20),AND(L18>3,K18>19)),"Complexo",""))),"")) | O18: =IF(M18="ALI",IF(OR(AND(OR(L18=1,L18=0),K18>0,K18<20),AND(OR(L18=1,L18=0),K18>19,K18<51),AND(L18>1,L18<6,K18>0,K18<20)),"Simples",IF(OR(AND(OR(L18=1,L18=0),K18>50),AND(L18>1,L18<6,K18>19,K18<51),AND(L18>5,K18>0,K18<20)),"Médio",IF(OR(AND(L18>1,L18<6,K18>50),AND(L18>5,K18>19,K18<51),AND(L18>5,K18>50)),"Complexo",""))), IF(M18="AIE",IF(OR(AND(OR(L18=1, L18=0),K18>0,K18<20),AND(OR(L18=1, L18=0),K18>19,K18<51),AND(L18>1,L18<6,K18>0,K18<20)),"Simples",IF(OR(AND(OR(L18=1, L18=0),K18>50),AND(L18>1,L18<6,K18>19,K18<51),AND(L18>5,K18>0,K18<20)),"Médio",IF(OR(AND(L18>1,L18<6,K18>50),AND(L18>5,K18>19,K18<51),AND(L18>5,K18>50)),"Complexo",""))),"")) | P18: =IF(N18="",O18,IF(O18="",N18,"")) | Q18: =IF(AND(OR(M18="EE",M18="CE"),P18="Simples"),3, IF(AND(OR(M18="EE",M18="CE"),P18="Médio"),4, IF(AND(OR(M18="EE",M18="CE"),P18="Complexo"),6, IF(AND(M18="SE",P18="Simples"),4, IF(AND(M18="SE",P18="Médio"),5, IF(AND(M18="SE",P18="Complexo"),7,0)))))) -> 0 | R18: =IF(AND(M18="ALI",O18="Simples"),7, IF(AND(M18="ALI",O18="Médio"),10, IF(AND(M18="ALI",O18="Complexo"),15, IF(AND(M18="AIE",O18="Simples"),5, IF(AND(M18="AIE",O18="Médio"),7, IF(AND(M18="AIE",O18="Complexo"),10,0)))))) -> 0 | S18: =IF($I18="%",($Q18+$R18)*$C18,$C18*J18) -> 0 | X18: =IF($W18<>"",VLOOKUP($W18,Matriz_INM,2,0),0) -> 0 | Y18: =IFERROR(VLOOKUP($W18,Matriz_INM,3,0),"") | AD18: =IF(AC18="EE",IF(OR(AND(OR(AB18=1,AB18=0),AA18>0,AA18<5),AND(OR(AB18=1,AB18=0),AA18>4,AA18<16),AND(AB18=2,AA18>0,AA18<5)),"Simples",IF(OR(AND(OR(AB18=1,AB18=0),AA18>15),AND(AB18=2,AA18>4,AA18<16),AND(AB18>2,AA18>0,AA18<5)),"Médio",IF(OR(AND(AB18=2,AA18>15),AND(AB18>2,AA18>4,AA18<16),AND(AB18>2,AA18>15)),"Complexo",""))), IF(OR(AC18="CE",AC18="SE"),IF(OR(AND(OR(AB18=1,AB18=0),AA18>0,AA18<6),AND(OR(AB18=1,AB18=0),AA18>5,AA18<20),AND(AB18>1,AB18<4,AA18>0,AA18<6)),"Simples",IF(OR(AND(OR(AB18=1,AB18=0),AA18>19),AND(AB18>1,AB18<4,AA18>5,AA18<20),AND(AB18>3,AA18>0,AA18<6)),"Médio",IF(OR(AND(AB18>1,AB18<4,AA18>19),AND(AB18>3,AA18>5,AA18<20),AND(AB18>3,AA18>19)),"Complexo",""))),"")) | AE18: =IF(AC18="ALI",IF(OR(AND(OR(AB18=1,AB18=0),AA18>0,AA18<20),AND(OR(AB18=1,AB18=0),AA18>19,AA18<51),AND(AB18>1,AB18<6,AA18>0,AA18<20)),"Simples",IF(OR(AND(OR(AB18=1,AB18=0),AA18>50),AND(AB18>1,AB18<6,AA18>19,AA18<51),AND(AB18>5,AA18>0,AA18<20)),"Médio",IF(OR(AND(AB18>1,AB18<6,AA18>50),AND(AB18>5,AA18>19,AA18<51),AND(AB18>5,AA18>50)),"Complexo",""))), IF(AC18="AIE",IF(OR(AND(OR(AB18=1, AB18=0),AA18>0,AA18<20),AND(OR(AB18=1, AB18=0),AA18>19,AA18<51),AND(AB18>1,AB18<6,AA18>0,AA18<20)),"Simples",IF(OR(AND(OR(AB18=1, AB18=0),AA18>50),AND(AB18>1,AB18<6,AA18>19,AA18<51),AND(AB18>5,AA18>0,AA18<20)),"Médio",IF(OR(AND(AB18>1,AB18<6,AA18>50),AND(AB18>5,AA18>19,AA18<51),AND(AB18>5,AA18>50)),"Complexo",""))),"")) | AF18: =IF(AD18="",AE18,IF(AE18="",AD18,"")) | AG18: =IF(AND(OR(AC18="EE",AC18="CE"),AF18="Simples"),3, IF(AND(OR(AC18="EE",AC18="CE"),AF18="Médio"),4, IF(AND(OR(AC18="EE",AC18="CE"),AF18="Complexo"),6, IF(AND(AC18="SE",AF18="Simples"),4, IF(AND(AC18="SE",AF18="Médio"),5, IF(AND(AC18="SE",AF18="Complexo"),7,0)))))) -> 0 | AH18: =IF(AND(AC18="ALI",AE18="Simples"),7, IF(AND(AC18="ALI",AE18="Médio"),10, IF(AND(AC18="ALI",AE18="Complexo"),15, IF(AND(AC18="AIE",AE18="Simples"),5, IF(AND(AC18="AIE",AE18="Médio"),7, IF(AND(AC18="AIE",AE18="Complexo"),10,0)))))) -> 0 | AI18: =IF(V18="OK",S18,IF($Y18="%",($AG18+$AH18)*$X18,$X18*Z18)) -> 0 | AO18: =IF(AI18=0,"",IF(AI18=S18,"OK","Divergente"))
C19: =IF($B19<>"",VLOOKUP($B19,Matriz_INM,2,0),0) -> 0 | I19: =IFERROR(VLOOKUP($B19,Matriz_INM,3,0),"") | N19: =IF(M19="EE",IF(OR(AND(OR(L19=1,L19=0),K19>0,K19<5),AND(OR(L19=1,L19=0),K19>4,K19<16),AND(L19=2,K19>0,K19<5)),"Simples",IF(OR(AND(OR(L19=1,L19=0),K19>15),AND(L19=2,K19>4,K19<16),AND(L19>2,K19>0,K19<5)),"Médio",IF(OR(AND(L19=2,K19>15),AND(L19>2,K19>4,K19<16),AND(L19>2,K19>15)),"Complexo",""))), IF(OR(M19="CE",M19="SE"),IF(OR(AND(OR(L19=1,L19=0),K19>0,K19<6),AND(OR(L19=1,L19=0),K19>5,K19<20),AND(L19>1,L19<4,K19>0,K19<6)),"Simples",IF(OR(AND(OR(L19=1,L19=0),K19>19),AND(L19>1,L19<4,K19>5,K19<20),AND(L19>3,K19>0,K19<6)),"Médio",IF(OR(AND(L19>1,L19<4,K19>19),AND(L19>3,K19>5,K19<20),AND(L19>3,K19>19)),"Complexo",""))),"")) | O19: =IF(M19="ALI",IF(OR(AND(OR(L19=1,L19=0),K19>0,K19<20),AND(OR(L19=1,L19=0),K19>19,K19<51),AND(L19>1,L19<6,K19>0,K19<20)),"Simples",IF(OR(AND(OR(L19=1,L19=0),K19>50),AND(L19>1,L19<6,K19>19,K19<51),AND(L19>5,K19>0,K19<20)),"Médio",IF(OR(AND(L19>1,L19<6,K19>50),AND(L19>5,K19>19,K19<51),AND(L19>5,K19>50)),"Complexo",""))), IF(M19="AIE",IF(OR(AND(OR(L19=1, L19=0),K19>0,K19<20),AND(OR(L19=1, L19=0),K19>19,K19<51),AND(L19>1,L19<6,K19>0,K19<20)),"Simples",IF(OR(AND(OR(L19=1, L19=0),K19>50),AND(L19>1,L19<6,K19>19,K19<51),AND(L19>5,K19>0,K19<20)),"Médio",IF(OR(AND(L19>1,L19<6,K19>50),AND(L19>5,K19>19,K19<51),AND(L19>5,K19>50)),"Complexo",""))),"")) | P19: =IF(N19="",O19,IF(O19="",N19,"")) | Q19: =IF(AND(OR(M19="EE",M19="CE"),P19="Simples"),3, IF(AND(OR(M19="EE",M19="CE"),P19="Médio"),4, IF(AND(OR(M19="EE",M19="CE"),P19="Complexo"),6, IF(AND(M19="SE",P19="Simples"),4, IF(AND(M19="SE",P19="Médio"),5, IF(AND(M19="SE",P19="Complexo"),7,0)))))) -> 0 | R19: =IF(AND(M19="ALI",O19="Simples"),7, IF(AND(M19="ALI",O19="Médio"),10, IF(AND(M19="ALI",O19="Complexo"),15, IF(AND(M19="AIE",O19="Simples"),5, IF(AND(M19="AIE",O19="Médio"),7, IF(AND(M19="AIE",O19="Complexo"),10,0)))))) -> 0 | S19: =IF($I19="%",($Q19+$R19)*$C19,$C19*J19) -> 0 | X19: =IF($W19<>"",VLOOKUP($W19,Matriz_INM,2,0),0) -> 0 | Y19: =IFERROR(VLOOKUP($W19,Matriz_INM,3,0),"") | AD19: =IF(AC19="EE",IF(OR(AND(OR(AB19=1,AB19=0),AA19>0,AA19<5),AND(OR(AB19=1,AB19=0),AA19>4,AA19<16),AND(AB19=2,AA19>0,AA19<5)),"Simples",IF(OR(AND(OR(AB19=1,AB19=0),AA19>15),AND(AB19=2,AA19>4,AA19<16),AND(AB19>2,AA19>0,AA19<5)),"Médio",IF(OR(AND(AB19=2,AA19>15),AND(AB19>2,AA19>4,AA19<16),AND(AB19>2,AA19>15)),"Complexo",""))), IF(OR(AC19="CE",AC19="SE"),IF(OR(AND(OR(AB19=1,AB19=0),AA19>0,AA19<6),AND(OR(AB19=1,AB19=0),AA19>5,AA19<20),AND(AB19>1,AB19<4,AA19>0,AA19<6)),"Simples",IF(OR(AND(OR(AB19=1,AB19=0),AA19>19),AND(AB19>1,AB19<4,AA19>5,AA19<20),AND(AB19>3,AA19>0,AA19<6)),"Médio",IF(OR(AND(AB19>1,AB19<4,AA19>19),AND(AB19>3,AA19>5,AA19<20),AND(AB19>3,AA19>19)),"Complexo",""))),"")) | AE19: =IF(AC19="ALI",IF(OR(AND(OR(AB19=1,AB19=0),AA19>0,AA19<20),AND(OR(AB19=1,AB19=0),AA19>19,AA19<51),AND(AB19>1,AB19<6,AA19>0,AA19<20)),"Simples",IF(OR(AND(OR(AB19=1,AB19=0),AA19>50),AND(AB19>1,AB19<6,AA19>19,AA19<51),AND(AB19>5,AA19>0,AA19<20)),"Médio",IF(OR(AND(AB19>1,AB19<6,AA19>50),AND(AB19>5,AA19>19,AA19<51),AND(AB19>5,AA19>50)),"Complexo",""))), IF(AC19="AIE",IF(OR(AND(OR(AB19=1, AB19=0),AA19>0,AA19<20),AND(OR(AB19=1, AB19=0),AA19>19,AA19<51),AND(AB19>1,AB19<6,AA19>0,AA19<20)),"Simples",IF(OR(AND(OR(AB19=1, AB19=0),AA19>50),AND(AB19>1,AB19<6,AA19>19,AA19<51),AND(AB19>5,AA19>0,AA19<20)),"Médio",IF(OR(AND(AB19>1,AB19<6,AA19>50),AND(AB19>5,AA19>19,AA19<51),AND(AB19>5,AA19>50)),"Complexo",""))),"")) | AF19: =IF(AD19="",AE19,IF(AE19="",AD19,"")) | AG19: =IF(AND(OR(AC19="EE",AC19="CE"),AF19="Simples"),3, IF(AND(OR(AC19="EE",AC19="CE"),AF19="Médio"),4, IF(AND(OR(AC19="EE",AC19="CE"),AF19="Complexo"),6, IF(AND(AC19="SE",AF19="Simples"),4, IF(AND(AC19="SE",AF19="Médio"),5, IF(AND(AC19="SE",AF19="Complexo"),7,0)))))) -> 0 | AH19: =IF(AND(AC19="ALI",AE19="Simples"),7, IF(AND(AC19="ALI",AE19="Médio"),10, IF(AND(AC19="ALI",AE19="Complexo"),15, IF(AND(AC19="AIE",AE19="Simples"),5, IF(AND(AC19="AIE",AE19="Médio"),7, IF(AND(AC19="AIE",AE19="Complexo"),10,0)))))) -> 0 | AI19: =IF(V19="OK",S19,IF($Y19="%",($AG19+$AH19)*$X19,$X19*Z19)) -> 0 | AO19: =IF(AI19=0,"",IF(AI19=S19,"OK","Divergente"))
C20: =IF($B20<>"",VLOOKUP($B20,Matriz_INM,2,0),0) -> 0 | I20: =IFERROR(VLOOKUP($B20,Matriz_INM,3,0),"") | N20: =IF(M20="EE",IF(OR(AND(OR(L20=1,L20=0),K20>0,K20<5),AND(OR(L20=1,L20=0),K20>4,K20<16),AND(L20=2,K20>0,K20<5)),"Simples",IF(OR(AND(OR(L20=1,L20=0),K20>15),AND(L20=2,K20>4,K20<16),AND(L20>2,K20>0,K20<5)),"Médio",IF(OR(AND(L20=2,K20>15),AND(L20>2,K20>4,K20<16),AND(L20>2,K20>15)),"Complexo",""))), IF(OR(M20="CE",M20="SE"),IF(OR(AND(OR(L20=1,L20=0),K20>0,K20<6),AND(OR(L20=1,L20=0),K20>5,K20<20),AND(L20>1,L20<4,K20>0,K20<6)),"Simples",IF(OR(AND(OR(L20=1,L20=0),K20>19),AND(L20>1,L20<4,K20>5,K20<20),AND(L20>3,K20>0,K20<6)),"Médio",IF(OR(AND(L20>1,L20<4,K20>19),AND(L20>3,K20>5,K20<20),AND(L20>3,K20>19)),"Complexo",""))),"")) | O20: =IF(M20="ALI",IF(OR(AND(OR(L20=1,L20=0),K20>0,K20<20),AND(OR(L20=1,L20=0),K20>19,K20<51),AND(L20>1,L20<6,K20>0,K20<20)),"Simples",IF(OR(AND(OR(L20=1,L20=0),K20>50),AND(L20>1,L20<6,K20>19,K20<51),AND(L20>5,K20>0,K20<20)),"Médio",IF(OR(AND(L20>1,L20<6,K20>50),AND(L20>5,K20>19,K20<51),AND(L20>5,K20>50)),"Complexo",""))), IF(M20="AIE",IF(OR(AND(OR(L20=1, L20=0),K20>0,K20<20),AND(OR(L20=1, L20=0),K20>19,K20<51),AND(L20>1,L20<6,K20>0,K20<20)),"Simples",IF(OR(AND(OR(L20=1, L20=0),K20>50),AND(L20>1,L20<6,K20>19,K20<51),AND(L20>5,K20>0,K20<20)),"Médio",IF(OR(AND(L20>1,L20<6,K20>50),AND(L20>5,K20>19,K20<51),AND(L20>5,K20>50)),"Complexo",""))),"")) | P20: =IF(N20="",O20,IF(O20="",N20,"")) | Q20: =IF(AND(OR(M20="EE",M20="CE"),P20="Simples"),3, IF(AND(OR(M20="EE",M20="CE"),P20="Médio"),4, IF(AND(OR(M20="EE",M20="CE"),P20="Complexo"),6, IF(AND(M20="SE",P20="Simples"),4, IF(AND(M20="SE",P20="Médio"),5, IF(AND(M20="SE",P20="Complexo"),7,0)))))) -> 0 | R20: =IF(AND(M20="ALI",O20="Simples"),7, IF(AND(M20="ALI",O20="Médio"),10, IF(AND(M20="ALI",O20="Complexo"),15, IF(AND(M20="AIE",O20="Simples"),5, IF(AND(M20="AIE",O20="Médio"),7, IF(AND(M20="AIE",O20="Complexo"),10,0)))))) -> 0 | S20: =IF($I20="%",($Q20+$R20)*$C20,$C20*J20) -> 0 | X20: =IF($W20<>"",VLOOKUP($W20,Matriz_INM,2,0),0) -> 0 | Y20: =IFERROR(VLOOKUP($W20,Matriz_INM,3,0),"") | AD20: =IF(AC20="EE",IF(OR(AND(OR(AB20=1,AB20=0),AA20>0,AA20<5),AND(OR(AB20=1,AB20=0),AA20>4,AA20<16),AND(AB20=2,AA20>0,AA20<5)),"Simples",IF(OR(AND(OR(AB20=1,AB20=0),AA20>15),AND(AB20=2,AA20>4,AA20<16),AND(AB20>2,AA20>0,AA20<5)),"Médio",IF(OR(AND(AB20=2,AA20>15),AND(AB20>2,AA20>4,AA20<16),AND(AB20>2,AA20>15)),"Complexo",""))), IF(OR(AC20="CE",AC20="SE"),IF(OR(AND(OR(AB20=1,AB20=0),AA20>0,AA20<6),AND(OR(AB20=1,AB20=0),AA20>5,AA20<20),AND(AB20>1,AB20<4,AA20>0,AA20<6)),"Simples",IF(OR(AND(OR(AB20=1,AB20=0),AA20>19),AND(AB20>1,AB20<4,AA20>5,AA20<20),AND(AB20>3,AA20>0,AA20<6)),"Médio",IF(OR(AND(AB20>1,AB20<4,AA20>19),AND(AB20>3,AA20>5,AA20<20),AND(AB20>3,AA20>19)),"Complexo",""))),"")) | AE20: =IF(AC20="ALI",IF(OR(AND(OR(AB20=1,AB20=0),AA20>0,AA20<20),AND(OR(AB20=1,AB20=0),AA20>19,AA20<51),AND(AB20>1,AB20<6,AA20>0,AA20<20)),"Simples",IF(OR(AND(OR(AB20=1,AB20=0),AA20>50),AND(AB20>1,AB20<6,AA20>19,AA20<51),AND(AB20>5,AA20>0,AA20<20)),"Médio",IF(OR(AND(AB20>1,AB20<6,AA20>50),AND(AB20>5,AA20>19,AA20<51),AND(AB20>5,AA20>50)),"Complexo",""))), IF(AC20="AIE",IF(OR(AND(OR(AB20=1, AB20=0),AA20>0,AA20<20),AND(OR(AB20=1, AB20=0),AA20>19,AA20<51),AND(AB20>1,AB20<6,AA20>0,AA20<20)),"Simples",IF(OR(AND(OR(AB20=1, AB20=0),AA20>50),AND(AB20>1,AB20<6,AA20>19,AA20<51),AND(AB20>5,AA20>0,AA20<20)),"Médio",IF(OR(AND(AB20>1,AB20<6,AA20>50),AND(AB20>5,AA20>19,AA20<51),AND(AB20>5,AA20>50)),"Complexo",""))),"")) | AF20: =IF(AD20="",AE20,IF(AE20="",AD20,"")) | AG20: =IF(AND(OR(AC20="EE",AC20="CE"),AF20="Simples"),3, IF(AND(OR(AC20="EE",AC20="CE"),AF20="Médio"),4, IF(AND(OR(AC20="EE",AC20="CE"),AF20="Complexo"),6, IF(AND(AC20="SE",AF20="Simples"),4, IF(AND(AC20="SE",AF20="Médio"),5, IF(AND(AC20="SE",AF20="Complexo"),7,0)))))) -> 0 | AH20: =IF(AND(AC20="ALI",AE20="Simples"),7, IF(AND(AC20="ALI",AE20="Médio"),10, IF(AND(AC20="ALI",AE20="Complexo"),15, IF(AND(AC20="AIE",AE20="Simples"),5, IF(AND(AC20="AIE",AE20="Médio"),7, IF(AND(AC20="AIE",AE20="Complexo"),10,0)))))) -> 0 | AI20: =IF(V20="OK",S20,IF($Y20="%",($AG20+$AH20)*$X20,$X20*Z20)) -> 0 | AO20: =IF(AI20=0,"",IF(AI20=S20,"OK","Divergente"))
C21: =IF($B21<>"",VLOOKUP($B21,Matriz_INM,2,0),0) -> 0 | I21: =IFERROR(VLOOKUP($B21,Matriz_INM,3,0),"") | N21: =IF(M21="EE",IF(OR(AND(OR(L21=1,L21=0),K21>0,K21<5),AND(OR(L21=1,L21=0),K21>4,K21<16),AND(L21=2,K21>0,K21<5)),"Simples",IF(OR(AND(OR(L21=1,L21=0),K21>15),AND(L21=2,K21>4,K21<16),AND(L21>2,K21>0,K21<5)),"Médio",IF(OR(AND(L21=2,K21>15),AND(L21>2,K21>4,K21<16),AND(L21>2,K21>15)),"Complexo",""))), IF(OR(M21="CE",M21="SE"),IF(OR(AND(OR(L21=1,L21=0),K21>0,K21<6),AND(OR(L21=1,L21=0),K21>5,K21<20),AND(L21>1,L21<4,K21>0,K21<6)),"Simples",IF(OR(AND(OR(L21=1,L21=0),K21>19),AND(L21>1,L21<4,K21>5,K21<20),AND(L21>3,K21>0,K21<6)),"Médio",IF(OR(AND(L21>1,L21<4,K21>19),AND(L21>3,K21>5,K21<20),AND(L21>3,K21>19)),"Complexo",""))),"")) | O21: =IF(M21="ALI",IF(OR(AND(OR(L21=1,L21=0),K21>0,K21<20),AND(OR(L21=1,L21=0),K21>19,K21<51),AND(L21>1,L21<6,K21>0,K21<20)),"Simples",IF(OR(AND(OR(L21=1,L21=0),K21>50),AND(L21>1,L21<6,K21>19,K21<51),AND(L21>5,K21>0,K21<20)),"Médio",IF(OR(AND(L21>1,L21<6,K21>50),AND(L21>5,K21>19,K21<51),AND(L21>5,K21>50)),"Complexo",""))), IF(M21="AIE",IF(OR(AND(OR(L21=1, L21=0),K21>0,K21<20),AND(OR(L21=1, L21=0),K21>19,K21<51),AND(L21>1,L21<6,K21>0,K21<20)),"Simples",IF(OR(AND(OR(L21=1, L21=0),K21>50),AND(L21>1,L21<6,K21>19,K21<51),AND(L21>5,K21>0,K21<20)),"Médio",IF(OR(AND(L21>1,L21<6,K21>50),AND(L21>5,K21>19,K21<51),AND(L21>5,K21>50)),"Complexo",""))),"")) | P21: =IF(N21="",O21,IF(O21="",N21,"")) | Q21: =IF(AND(OR(M21="EE",M21="CE"),P21="Simples"),3, IF(AND(OR(M21="EE",M21="CE"),P21="Médio"),4, IF(AND(OR(M21="EE",M21="CE"),P21="Complexo"),6, IF(AND(M21="SE",P21="Simples"),4, IF(AND(M21="SE",P21="Médio"),5, IF(AND(M21="SE",P21="Complexo"),7,0)))))) -> 0 | R21: =IF(AND(M21="ALI",O21="Simples"),7, IF(AND(M21="ALI",O21="Médio"),10, IF(AND(M21="ALI",O21="Complexo"),15, IF(AND(M21="AIE",O21="Simples"),5, IF(AND(M21="AIE",O21="Médio"),7, IF(AND(M21="AIE",O21="Complexo"),10,0)))))) -> 0 | S21: =IF($I21="%",($Q21+$R21)*$C21,$C21*J21) -> 0 | X21: =IF($W21<>"",VLOOKUP($W21,Matriz_INM,2,0),0) -> 0 | Y21: =IFERROR(VLOOKUP($W21,Matriz_INM,3,0),"") | AD21: =IF(AC21="EE",IF(OR(AND(OR(AB21=1,AB21=0),AA21>0,AA21<5),AND(OR(AB21=1,AB21=0),AA21>4,AA21<16),AND(AB21=2,AA21>0,AA21<5)),"Simples",IF(OR(AND(OR(AB21=1,AB21=0),AA21>15),AND(AB21=2,AA21>4,AA21<16),AND(AB21>2,AA21>0,AA21<5)),"Médio",IF(OR(AND(AB21=2,AA21>15),AND(AB21>2,AA21>4,AA21<16),AND(AB21>2,AA21>15)),"Complexo",""))), IF(OR(AC21="CE",AC21="SE"),IF(OR(AND(OR(AB21=1,AB21=0),AA21>0,AA21<6),AND(OR(AB21=1,AB21=0),AA21>5,AA21<20),AND(AB21>1,AB21<4,AA21>0,AA21<6)),"Simples",IF(OR(AND(OR(AB21=1,AB21=0),AA21>19),AND(AB21>1,AB21<4,AA21>5,AA21<20),AND(AB21>3,AA21>0,AA21<6)),"Médio",IF(OR(AND(AB21>1,AB21<4,AA21>19),AND(AB21>3,AA21>5,AA21<20),AND(AB21>3,AA21>19)),"Complexo",""))),"")) | AE21: =IF(AC21="ALI",IF(OR(AND(OR(AB21=1,AB21=0),AA21>0,AA21<20),AND(OR(AB21=1,AB21=0),AA21>19,AA21<51),AND(AB21>1,AB21<6,AA21>0,AA21<20)),"Simples",IF(OR(AND(OR(AB21=1,AB21=0),AA21>50),AND(AB21>1,AB21<6,AA21>19,AA21<51),AND(AB21>5,AA21>0,AA21<20)),"Médio",IF(OR(AND(AB21>1,AB21<6,AA21>50),AND(AB21>5,AA21>19,AA21<51),AND(AB21>5,AA21>50)),"Complexo",""))), IF(AC21="AIE",IF(OR(AND(OR(AB21=1, AB21=0),AA21>0,AA21<20),AND(OR(AB21=1, AB21=0),AA21>19,AA21<51),AND(AB21>1,AB21<6,AA21>0,AA21<20)),"Simples",IF(OR(AND(OR(AB21=1, AB21=0),AA21>50),AND(AB21>1,AB21<6,AA21>19,AA21<51),AND(AB21>5,AA21>0,AA21<20)),"Médio",IF(OR(AND(AB21>1,AB21<6,AA21>50),AND(AB21>5,AA21>19,AA21<51),AND(AB21>5,AA21>50)),"Complexo",""))),"")) | AF21: =IF(AD21="",AE21,IF(AE21="",AD21,"")) | AG21: =IF(AND(OR(AC21="EE",AC21="CE"),AF21="Simples"),3, IF(AND(OR(AC21="EE",AC21="CE"),AF21="Médio"),4, IF(AND(OR(AC21="EE",AC21="CE"),AF21="Complexo"),6, IF(AND(AC21="SE",AF21="Simples"),4, IF(AND(AC21="SE",AF21="Médio"),5, IF(AND(AC21="SE",AF21="Complexo"),7,0)))))) -> 0 | AH21: =IF(AND(AC21="ALI",AE21="Simples"),7, IF(AND(AC21="ALI",AE21="Médio"),10, IF(AND(AC21="ALI",AE21="Complexo"),15, IF(AND(AC21="AIE",AE21="Simples"),5, IF(AND(AC21="AIE",AE21="Médio"),7, IF(AND(AC21="AIE",AE21="Complexo"),10,0)))))) -> 0 | AI21: =IF(V21="OK",S21,IF($Y21="%",($AG21+$AH21)*$X21,$X21*Z21)) -> 0 | AO21: =IF(AI21=0,"",IF(AI21=S21,"OK","Divergente"))
C22: =IF($B22<>"",VLOOKUP($B22,Matriz_INM,2,0),0) -> 0 | I22: =IFERROR(VLOOKUP($B22,Matriz_INM,3,0),"") | N22: =IF(M22="EE",IF(OR(AND(OR(L22=1,L22=0),K22>0,K22<5),AND(OR(L22=1,L22=0),K22>4,K22<16),AND(L22=2,K22>0,K22<5)),"Simples",IF(OR(AND(OR(L22=1,L22=0),K22>15),AND(L22=2,K22>4,K22<16),AND(L22>2,K22>0,K22<5)),"Médio",IF(OR(AND(L22=2,K22>15),AND(L22>2,K22>4,K22<16),AND(L22>2,K22>15)),"Complexo",""))), IF(OR(M22="CE",M22="SE"),IF(OR(AND(OR(L22=1,L22=0),K22>0,K22<6),AND(OR(L22=1,L22=0),K22>5,K22<20),AND(L22>1,L22<4,K22>0,K22<6)),"Simples",IF(OR(AND(OR(L22=1,L22=0),K22>19),AND(L22>1,L22<4,K22>5,K22<20),AND(L22>3,K22>0,K22<6)),"Médio",IF(OR(AND(L22>1,L22<4,K22>19),AND(L22>3,K22>5,K22<20),AND(L22>3,K22>19)),"Complexo",""))),"")) | O22: =IF(M22="ALI",IF(OR(AND(OR(L22=1,L22=0),K22>0,K22<20),AND(OR(L22=1,L22=0),K22>19,K22<51),AND(L22>1,L22<6,K22>0,K22<20)),"Simples",IF(OR(AND(OR(L22=1,L22=0),K22>50),AND(L22>1,L22<6,K22>19,K22<51),AND(L22>5,K22>0,K22<20)),"Médio",IF(OR(AND(L22>1,L22<6,K22>50),AND(L22>5,K22>19,K22<51),AND(L22>5,K22>50)),"Complexo",""))), IF(M22="AIE",IF(OR(AND(OR(L22=1, L22=0),K22>0,K22<20),AND(OR(L22=1, L22=0),K22>19,K22<51),AND(L22>1,L22<6,K22>0,K22<20)),"Simples",IF(OR(AND(OR(L22=1, L22=0),K22>50),AND(L22>1,L22<6,K22>19,K22<51),AND(L22>5,K22>0,K22<20)),"Médio",IF(OR(AND(L22>1,L22<6,K22>50),AND(L22>5,K22>19,K22<51),AND(L22>5,K22>50)),"Complexo",""))),"")) | P22: =IF(N22="",O22,IF(O22="",N22,"")) | Q22: =IF(AND(OR(M22="EE",M22="CE"),P22="Simples"),3, IF(AND(OR(M22="EE",M22="CE"),P22="Médio"),4, IF(AND(OR(M22="EE",M22="CE"),P22="Complexo"),6, IF(AND(M22="SE",P22="Simples"),4, IF(AND(M22="SE",P22="Médio"),5, IF(AND(M22="SE",P22="Complexo"),7,0)))))) -> 0 | R22: =IF(AND(M22="ALI",O22="Simples"),7, IF(AND(M22="ALI",O22="Médio"),10, IF(AND(M22="ALI",O22="Complexo"),15, IF(AND(M22="AIE",O22="Simples"),5, IF(AND(M22="AIE",O22="Médio"),7, IF(AND(M22="AIE",O22="Complexo"),10,0)))))) -> 0 | S22: =IF($I22="%",($Q22+$R22)*$C22,$C22*J22) -> 0 | X22: =IF($W22<>"",VLOOKUP($W22,Matriz_INM,2,0),0) -> 0 | Y22: =IFERROR(VLOOKUP($W22,Matriz_INM,3,0),"") | AD22: =IF(AC22="EE",IF(OR(AND(OR(AB22=1,AB22=0),AA22>0,AA22<5),AND(OR(AB22=1,AB22=0),AA22>4,AA22<16),AND(AB22=2,AA22>0,AA22<5)),"Simples",IF(OR(AND(OR(AB22=1,AB22=0),AA22>15),AND(AB22=2,AA22>4,AA22<16),AND(AB22>2,AA22>0,AA22<5)),"Médio",IF(OR(AND(AB22=2,AA22>15),AND(AB22>2,AA22>4,AA22<16),AND(AB22>2,AA22>15)),"Complexo",""))), IF(OR(AC22="CE",AC22="SE"),IF(OR(AND(OR(AB22=1,AB22=0),AA22>0,AA22<6),AND(OR(AB22=1,AB22=0),AA22>5,AA22<20),AND(AB22>1,AB22<4,AA22>0,AA22<6)),"Simples",IF(OR(AND(OR(AB22=1,AB22=0),AA22>19),AND(AB22>1,AB22<4,AA22>5,AA22<20),AND(AB22>3,AA22>0,AA22<6)),"Médio",IF(OR(AND(AB22>1,AB22<4,AA22>19),AND(AB22>3,AA22>5,AA22<20),AND(AB22>3,AA22>19)),"Complexo",""))),"")) | AE22: =IF(AC22="ALI",IF(OR(AND(OR(AB22=1,AB22=0),AA22>0,AA22<20),AND(OR(AB22=1,AB22=0),AA22>19,AA22<51),AND(AB22>1,AB22<6,AA22>0,AA22<20)),"Simples",IF(OR(AND(OR(AB22=1,AB22=0),AA22>50),AND(AB22>1,AB22<6,AA22>19,AA22<51),AND(AB22>5,AA22>0,AA22<20)),"Médio",IF(OR(AND(AB22>1,AB22<6,AA22>50),AND(AB22>5,AA22>19,AA22<51),AND(AB22>5,AA22>50)),"Complexo",""))), IF(AC22="AIE",IF(OR(AND(OR(AB22=1, AB22=0),AA22>0,AA22<20),AND(OR(AB22=1, AB22=0),AA22>19,AA22<51),AND(AB22>1,AB22<6,AA22>0,AA22<20)),"Simples",IF(OR(AND(OR(AB22=1, AB22=0),AA22>50),AND(AB22>1,AB22<6,AA22>19,AA22<51),AND(AB22>5,AA22>0,AA22<20)),"Médio",IF(OR(AND(AB22>1,AB22<6,AA22>50),AND(AB22>5,AA22>19,AA22<51),AND(AB22>5,AA22>50)),"Complexo",""))),"")) | AF22: =IF(AD22="",AE22,IF(AE22="",AD22,"")) | AG22: =IF(AND(OR(AC22="EE",AC22="CE"),AF22="Simples"),3, IF(AND(OR(AC22="EE",AC22="CE"),AF22="Médio"),4, IF(AND(OR(AC22="EE",AC22="CE"),AF22="Complexo"),6, IF(AND(AC22="SE",AF22="Simples"),4, IF(AND(AC22="SE",AF22="Médio"),5, IF(AND(AC22="SE",AF22="Complexo"),7,0)))))) -> 0 | AH22: =IF(AND(AC22="ALI",AE22="Simples"),7, IF(AND(AC22="ALI",AE22="Médio"),10, IF(AND(AC22="ALI",AE22="Complexo"),15, IF(AND(AC22="AIE",AE22="Simples"),5, IF(AND(AC22="AIE",AE22="Médio"),7, IF(AND(AC22="AIE",AE22="Complexo"),10,0)))))) -> 0 | AI22: =IF(V22="OK",S22,IF($Y22="%",($AG22+$AH22)*$X22,$X22*Z22)) -> 0 | AO22: =IF(AI22=0,"",IF(AI22=S22,"OK","Divergente"))
... C383: =IF($B383<>"",VLOOKUP($B383,Matriz_INM,2,0),0) -> 0 | I383: =IFERROR(VLOOKUP($B383,Matriz_INM,3,0),"") | N383: =IF(M383="EE",IF(OR(AND(OR(L383=1,L383=0),K383>0,K383<5),AND(OR(L383=1,L383=0),K383>4,K383<16),AND(L383=2,K383>0,K383<5)),"Simples",IF(OR(AND(OR(L383=1,L383=0),K383>15),AND(L383=2,K383>4,K383<16),AND(L383>2,K383>0,K383<5)),"Médio",IF(OR(AND(L383=2,K383>15),AND(L383>2,K383>4,K383<16),AND(L383>2,K383>15)),"Complexo",""))), IF(OR(M383="CE",M383="SE"),IF(OR(AND(OR(L383=1,L383=0),K383>0,K383<6),AND(OR(L383=1,L383=0),K383>5,K383<20),AND(L383>1,L383<4,K383>0,K383<6)),"Simples",IF(OR(AND(OR(L383=1,L383=0),K383>19),AND(L383>1,L383<4,K383>5,K383<20),AND(L383>3,K383>0,K383<6)),"Médio",IF(OR(AND(L383>1,L383<4,K383>19),AND(L383>3,K383>5,K383<20),AND(L383>3,K383>19)),"Complexo",""))),"")) | O383: =IF(M383="ALI",IF(OR(AND(OR(L383=1,L383=0),K383>0,K383<20),AND(OR(L383=1,L383=0),K383>19,K383<51),AND(L383>1,L383<6,K383>0,K383<20)),"Simples",IF(OR(AND(OR(L383=1,L383=0),K383>50),AND(L383>1,L383<6,K383>19,K383<51),AND(L383>5,K383>0,K383<20)),"Médio",IF(OR(AND(L383>1,L383<6,K383>50),AND(L383>5,K383>19,K383<51),AND(L383>5,K383>50)),"Complexo",""))), IF(M383="AIE",IF(OR(AND(OR(L383=1, L383=0),K383>0,K383<20),AND(OR(L383=1, L383=0),K383>19,K383<51),AND(L383>1,L383<6,K383>0,K383<20)),"Simples",IF(OR(AND(OR(L383=1, L383=0),K383>50),AND(L383>1,L383<6,K383>19,K383<51),AND(L383>5,K383>0,K383<20)),"Médio",IF(OR(AND(L383>1,L383<6,K383>50),AND(L383>5,K383>19,K383<51),AND(L383>5,K383>50)),"Complexo",""))),"")) | P383: =IF(N383="",O383,IF(O383="",N383,"")) | Q383: =IF(AND(OR(M383="EE",M383="CE"),P383="Simples"),3, IF(AND(OR(M383="EE",M383="CE"),P383="Médio"),4, IF(AND(OR(M383="EE",M383="CE"),P383="Complexo"),6, IF(AND(M383="SE",P383="Simples"),4, IF(AND(M383="SE",P383="Médio"),5, IF(AND(M383="SE",P383="Complexo"),7,0)))))) -> 0 | R383: =IF(AND(M383="ALI",O383="Simples"),7, IF(AND(M383="ALI",O383="Médio"),10, IF(AND(M383="ALI",O383="Complexo"),15, IF(AND(M383="AIE",O383="Simples"),5, IF(AND(M383="AIE",O383="Médio"),7, IF(AND(M383="AIE",O383="Complexo"),10,0)))))) -> 0 | S383: =IF($I383="%",($Q383+$R383)*$C383,$C383*J383) -> 0 | X383: =IF($W383<>"",VLOOKUP($W383,Matriz_INM,2,0),0) -> 0 | Y383: =IFERROR(VLOOKUP($W383,Matriz_INM,3,0),"") | AD383: =IF(AC383="EE",IF(OR(AND(OR(AB383=1,AB383=0),AA383>0,AA383<5),AND(OR(AB383=1,AB383=0),AA383>4,AA383<16),AND(AB383=2,AA383>0,AA383<5)),"Simples",IF(OR(AND(OR(AB383=1,AB383=0),AA383>15),AND(AB383=2,AA383>4,AA383<16),AND(AB383>2,AA383>0,AA383<5)),"Médio",IF(OR(AND(AB383=2,AA383>15),AND(AB383>2,AA383>4,AA383<16),AND(AB383>2,AA383>15)),"Complexo",""))), IF(OR(AC383="CE",AC383="SE"),IF(OR(AND(OR(AB383=1,AB383=0),AA383>0,AA383<6),AND(OR(AB383=1,AB383=0),AA383>5,AA383<20),AND(AB383>1,AB383<4,AA383>0,AA383<6)),"Simples",IF(OR(AND(OR(AB383=1,AB383=0),AA383>19),AND(AB383>1,AB383<4,AA383>5,AA383<20),AND(AB383>3,AA383>0,AA383<6)),"Médio",IF(OR(AND(AB383>1,AB383<4,AA383>19),AND(AB383>3,AA383>5,AA383<20),AND(AB383>3,AA383>19)),"Complexo",""))),"")) | AE383: =IF(AC383="ALI",IF(OR(AND(OR(AB383=1,AB383=0),AA383>0,AA383<20),AND(OR(AB383=1,AB383=0),AA383>19,AA383<51),AND(AB383>1,AB383<6,AA383>0,AA383<20)),"Simples",IF(OR(AND(OR(AB383=1,AB383=0),AA383>50),AND(AB383>1,AB383<6,AA383>19,AA383<51),AND(AB383>5,AA383>0,AA383<20)),"Médio",IF(OR(AND(AB383>1,AB383<6,AA383>50),AND(AB383>5,AA383>19,AA383<51),AND(AB383>5,AA383>50)),"Complexo",""))), IF(AC383="AIE",IF(OR(AND(OR(AB383=1, AB383=0),AA383>0,AA383<20),AND(OR(AB383=1, AB383=0),AA383>19,AA383<51),AND(AB383>1,AB383<6,AA383>0,AA383<20)),"Simples",IF(OR(AND(OR(AB383=1, AB383=0),AA383>50),AND(AB383>1,AB383<6,AA383>19,AA383<51),AND(AB383>5,AA383>0,AA383<20)),"Médio",IF(OR(AND(AB383>1,AB383<6,AA383>50),AND(AB383>5,AA383>19,AA383<51),AND(AB383>5,AA383>50)),"Complexo",""))),"")) | AF383: =IF(AD383="",AE383,IF(AE383="",AD383,"")) | AG383: =IF(AND(OR(AC383="EE",AC383="CE"),AF383="Simples"),3, IF(AND(OR(AC383="EE",AC383="CE"),AF383="Médio"),4, IF(AND(OR(AC383="EE",AC383="CE"),AF383="Complexo"),6, IF(AND(AC383="SE",AF383="Simples"),4, IF(AND(AC383="SE",AF383="Médio"),5, IF(AND(AC383="SE",AF383="Complexo"),7,0)))))) -> 0 | AH383: =IF(AND(AC383="ALI",AE383="Simples"),7, IF(AND(AC383="ALI",AE383="Médio"),10, IF(AND(AC383="ALI",AE383="Complexo"),15, IF(AND(AC383="AIE",AE383="Simples"),5, IF(AND(AC383="AIE",AE383="Médio"),7, IF(AND(AC383="AIE",AE383="Complexo"),10,0)))))) -> 0 | AI383: =IF(V383="OK",S383,IF($Y383="%",($AG383+$AH383)*$X383,$X383*Z383)) -> 0 | AO383: =IF(AI383=0,"",IF(AI383=S383,"OK","Divergente"))
A384: Só inserir linhas antes desta.
P385: Tamanho Funcional | R385: =IF(AND(M385="ALI",O385="Simples"),7, IF(AND(M385="ALI",O385="Médio"),10, IF(AND(M385="ALI",O385="Complexo"),15, IF(AND(M385="AIE",O385="Simples"),5, IF(AND(M385="AIE",O385="Médio"),7, IF(AND(M385="AIE",O385="Complexo"),10,0)))))) -> 0 | S385: =SUM(S10:S384) -> 0 | AF385: Tamanho Funcional | AH385: =IF(AND(AC385="ALI",AE385="Simples"),7, IF(AND(AC385="ALI",AE385="Médio"),10, IF(AND(AC385="ALI",AE385="Complexo"),15, IF(AND(AC385="AIE",AE385="Simples"),5, IF(AND(AC385="AIE",AE385="Médio"),7, IF(AND(AC385="AIE",AE385="Complexo"),10,0)))))) -> 0 | AI385: =SUM(AI10:AI384) -> 0

Sheet AFP - Estimativa
A1: =Resumo!A1 -> Template V.2.0 | C1: Contagem de Pontos de Função Contagem Estimada
G3: Elaborador da contagem:
G4: Data da Contagem:
A5: Quantidade de Pontos de Função: | C5: =TEXT(I1083,"#.##0,0#") -> 0,0 | G5: Revisor da contagem:
G6: Data da Revisão:
A8: ID | B8: Tipo Projeto | C8: Fator Ajuste | D8: Item PT | E8: Módulo | F8: Requisito | G8: Processos elementares | H8: Funções de Dados / Transação | J8: Observação | K8: PFB
H9: Tipo | I9: PF
A10: Só inserir linhas depois desta.
C11: =IF(B11<>"",VLOOKUP(B11,'Tipo Projeto'!$A$3:$B$35,2,0),0) -> 0 | I11: =IF(B11<>"Manutenção em interface",IF(B11<>"Desenv., Manutenção e Publicação de Páginas Estáticas",IF(H11="EE",4,IF(H11="CE",4,IF(H11="SE",5,IF(H11="ALI",7,IF(H11="AIE",5,0)))))*C11,C11),C11) -> 0 | K11: =IF(AND(C11<>0,I11<>0),I11/C11,0) -> 0
C12: =IF(B12<>"",VLOOKUP(B12,'Tipo Projeto'!$A$3:$B$35,2,0),0) -> 0 | I12: =IF(B12<>"Manutenção em interface",IF(B12<>"Desenv., Manutenção e Publicação de Páginas Estáticas",IF(H12="EE",4,IF(H12="CE",4,IF(H12="SE",5,IF(H12="ALI",7,IF(H12="AIE",5,0)))))*C12,C12),C12) -> 0 | K12: =IF(AND(C12<>0,I12<>0),I12/C12,0) -> 0
C13: =IF(B13<>"",VLOOKUP(B13,'Tipo Projeto'!$A$3:$B$35,2,0),0) -> 0 | I13: =IF(B13<>"Manutenção em interface",IF(B13<>"Desenv., Manutenção e Publicação de Páginas Estáticas",IF(H13="EE",4,IF(H13="CE",4,IF(H13="SE",5,IF(H13="ALI",7,IF(H13="AIE",5,0)))))*C13,C13),C13) -> 0 | K13: =IF(AND(C13<>0,I13<>0),I13/C13,0) -> 0
C14: =IF(B14<>"",VLOOKUP(B14,'Tipo Projeto'!$A$3:$B$35,2,0),0) -> 0 | I14: =IF(B14<>"Manutenção em interface",IF(B14<>"Desenv., Manutenção e Publicação de Páginas Estáticas",IF(H14="EE",4,IF(H14="CE",4,IF(H14="SE",5,IF(H14="ALI",7,IF(H14="AIE",5,0)))))*C14,C14),C14) -> 0 | K14: =IF(AND(C14<>0,I14<>0),I14/C14,0) -> 0
C15: =IF(B15<>"",VLOOKUP(B15,'Tipo Projeto'!$A$3:$B$35,2,0),0) -> 0 | I15: =IF(B15<>"Manutenção em interface",IF(B15<>"Desenv., Manutenção e Publicação de Páginas Estáticas",IF(H15="EE",4,IF(H15="CE",4,IF(H15="SE",5,IF(H15="ALI",7,IF(H15="AIE",5,0)))))*C15,C15),C15) -> 0 | K15: =IF(AND(C15<>0,I15<>0),I15/C15,0) -> 0
C16: =IF(B16<>"",VLOOKUP(B16,'Tipo Projeto'!$A$3:$B$35,2,0),0) -> 0 | I16: =IF(B16<>"Manutenção em interface",IF(B16<>"Desenv., Manutenção e Publicação de Páginas Estáticas",IF(H16="EE",4,IF(H16="CE",4,IF(H16="SE",5,IF(H16="ALI",7,IF(H16="AIE",5,0)))))*C16,C16),C16) -> 0 | K16: =IF(AND(C16<>0,I16<>0),I16/C16,0) -> 0
C17: =IF(B17<>"",VLOOKUP(B17,'Tipo Projeto'!$A$3:$B$35,2,0),0) -> 0 | I17: =IF(B17<>"Manutenção em interface",IF(B17<>"Desenv., Manutenção e Publicação de Páginas Estáticas",IF(H17="EE",4,IF(H17="CE",4,IF(H17="SE",5,IF(H17="ALI",7,IF(H17="AIE",5,0)))))*C17,C17),C17) -> 0 | K17: =IF(AND(C17<>0,I17<>0),I17/C17,0) -> 0
C18: =IF(B18<>"",VLOOKUP(B18,'Tipo Projeto'!$A$3:$B$35,2,0),0) -> 0 | I18: =IF(B18<>"Manutenção em interface",IF(B18<>"Desenv., Manutenção e Publicação de Páginas Estáticas",IF(H18="EE",4,IF(H18="CE",4,IF(H18="SE",5,IF(H18="ALI",7,IF(H18="AIE",5,0)))))*C18,C18),C18) -> 0 | K18: =IF(AND(C18<>0,I18<>0),I18/C18,0) -> 0
C19: =IF(B19<>"",VLOOKUP(B19,'Tipo Projeto'!$A$3:$B$35,2,0),0) -> 0 | I19: =IF(B19<>"Manutenção em interface",IF(B19<>"Desenv., Manutenção e Publicação de Páginas Estáticas",IF(H19="EE",4,IF(H19="CE",4,IF(H19="SE",5,IF(H19="ALI",7,IF(H19="AIE",5,0)))))*C19,C19),C19) -> 0 | K19: =IF(AND(C19<>0,I19<>0),I19/C19,0) -> 0
C20: =IF(B20<>"",VLOOKUP(B20,'Tipo Projeto'!$A$3:$B$35,2,0),0) -> 0 | I20: =IF(B20<>"Manutenção em interface",IF(B20<>"Desenv., Manutenção e Publicação de Páginas Estáticas",IF(H20="EE",4,IF(H20="CE",4,IF(H20="SE",5,IF(H20="ALI",7,IF(H20="AIE",5,0)))))*C20,C20),C20) -> 0 | K20: =IF(AND(C20<>0,I20<>0),I20/C20,0) -> 0
C21: =IF(B21<>"",VLOOKUP(B21,'Tipo Projeto'!$A$3:$B$35,2,0),0) -> 0 | I21: =IF(B21<>"Manutenção em interface",IF(B21<>"Desenv., Manutenção e Publicação de Páginas Estáticas",IF(H21="EE",4,IF(H21="CE",4,IF(H21="SE",5,IF(H21="ALI",7,IF(H21="AIE",5,0)))))*C21,C21),C21) -> 0 | K21: =IF(AND(C21<>0,I21<>0),I21/C21,0) -> 0
C22: =IF(B22<>"",VLOOKUP(B22,'Tipo Projeto'!$A$3:$B$35,2,0),0) -> 0 | I22: =IF(B22<>"Manutenção em interface",IF(B22<>"Desenv., Manutenção e Publicação de Páginas Estáticas",IF(H22="EE",4,IF(H22="CE",4,IF(H22="SE",5,IF(H22="ALI",7,IF(H22="AIE",5,0)))))*C22,C22),C22) -> 0 | K22: =IF(AND(C22<>0,I22<>0),I22/C22,0) -> 0
... C1081: =IF(B1081<>"",VLOOKUP(B1081,'Tipo Projeto'!$A$3:$B$35,2,0),0) -> 0 | I1081: =IF(B1081<>"Manutenção em interface",IF(B1081<>"Desenv., Manutenção e Publicação de Páginas Estáticas",IF(H1081="EE",4,IF(H1081="CE",4,IF(H1081="SE",5,IF(H1081="ALI",7,IF(H1081="AIE",5,0)))))*C1081,C1081),C1081) -> 0 | K1081: =IF(AND(C1081<>0,I1081<>0),I1081/C1081,0) -> 0
A1082: Só inserir linhas antes desta.
G1083: Tamanho Funcional Estimado: | I1083: =SUM(I10:I1082) -> 0

Sheet UST
B1: Template V.1.6 | G1: Contagem de Unidade de Serviço Técnico - UST
B3: Quantidade de UST: | D3: =TEXT(J404,"#.##0,0#") -> 0,0 | I3: Elaborador da contagem:
I4: Data da Contagem:
B5: Quantidade UST em PF: | D5: =TEXT(K404,"#.##0,0#") -> 0,0 | I5: Revisor da contagem:
I6: Data da Revisão:
B8: ID | C8: Item Catálogo | D8: Complexidade | E8: Horas | F8: Item PT | G8: Requisito | I8: Descrição do Serviço Técnico / Atividade | J8: Desenvolvimento | L8: Fund.
J9: UST | K9: PF
B10: Só inserir linhas depois desta.
J11: =IF($C11<>"",$E11*1.5,"") | K11: =IFERROR($J11/10,"")
J12: =IF($C12<>"",$E12*1.5,"") | K12: =IFERROR($J12/10,"")
J13: =IF($C13<>"",$E13*1.5,"") | K13: =IFERROR($J13/10,"")
J14: =IF($C14<>"",$E14*1.5,"") | K14: =IFERROR($J14/10,"")
J15: =IF($C15<>"",$E15*1.5,"") | K15: =IFERROR($J15/10,"")
J16: =IF($C16<>"",$E16*1.5,"") | K16: =IFERROR($J16/10,"")
J17: =IF($C17<>"",$E17*1.5,"") | K17: =IFERROR($J17/10,"")
J18: =IF($C18<>"",$E18*1.5,"") | K18: =IFERROR($J18/10,"")
J19: =IF($C19<>"",$E19*1.5,"") | K19: =IFERROR($J19/10,"")
J20: =IF($C20<>"",$E20*1.5,"") | K20: =IFERROR($J20/10,"")
J21: =IF($C21<>"",$E21*1.5,"") | K21: =IFERROR($J21/10,"")
J22: =IF($C22<>"",$E22*1.5,"") | K22: =IFERROR($J22/10,"")
... J402: =IF($C402<>"",$E402*1.5,"") | K402: =IFERROR($J402/10,"")
B403: Só inserir linhas antes desta.
I404: Tamanho Total UST: | J404: =SUM(J11:J402) -> 0 | K404: =SUM(K11:K402) -> 0
I405: Tamnho UST em PF:

Sheet AFP - Indicativa
A1: Template V.1.1 | D1: Contagem de Pontos de Função Contagem Indicativa
F3: Elaborador da contagem:
F4: Data da Contagem:
A5: Quantidade de Pontos de Função: | D5: =TEXT(H109,"#.##0,0#") -> 0,0 | F5: Revisor da contagem:
F6: Data da Revisão:
A8: ID | B8: Item PT | C8: Módulo | D8: Requisito | F8: Arquivos Lógicos | G8: Funções de Dados | I8: Observação
G9: Tipo | H9: PF
H10: =IF(G10="ALI",35,IF(G10="AIE",15,""))
H11: =IF(G11="ALI",35,IF(G11="AIE",15,""))
H12: =IF(G12="ALI",35,IF(G12="AIE",15,""))
H13: =IF(G13="ALI",35,IF(G13="AIE",15,""))
H14: =IF(G14="ALI",35,IF(G14="AIE",15,""))
H15: =IF(G15="ALI",35,IF(G15="AIE",15,""))
H16: =IF(G16="ALI",35,IF(G16="AIE",15,""))
H17: =IF(G17="ALI",35,IF(G17="AIE",15,""))
H18: =IF(G18="ALI",35,IF(G18="AIE",15,""))
H19: =IF(G19="ALI",35,IF(G19="AIE",15,""))
H20: =IF(G20="ALI",35,IF(G20="AIE",15,""))
H21: =IF(G21="ALI",35,IF(G21="AIE",15,""))
... H107: =IF(G107="ALI",35,IF(G107="AIE",15,""))
A108: Só inserir linhas antes desta.
F109: Tamanho Funcional Indicativo: | H109: =SUM(H10:H108) -> 0

Sheet Funcionalidade
A1: =Resumo!A1 -> Template V.2.0 | B1: Contagem de Pontos de Função Pontos de Função por Funcionalidade
A3: Pontos de Função por Funcionalidade
A4: Nº | B4: Funcionalidade | C4: PF
A5: 1 | B5: Unidade de carga | C5: 5
A6: 2 | B6: Manter Item de Catálogo | C6: 3
A7: 3 | B7: Gerenciar Escaninho | C7: 42
A8: 4 | B8: Aplicativo Móvel | C8: 2.4

Sheet Redução de Prazo
B1: =Resumo!$A$1 -> Template V.2.0 | D1: Contagem de Pontos de Função Distribuição de Esforço/ Redução de Prazo
B2: DISTRIBUIÇÃO DE PRAZO DE PROJETO | J2: =IF(G4="SISP v1.0","PRAZO SISP 1 ATÉ 99 PF","PRAZO SISP 2/2.1 ATÉ 99 PF") -> PRAZO SISP 2/2.1 ATÉ 99 PF | N2: REDUÇÃO DE PRAZO
B3: P1 - Informe o tipo de Prazo (Úteis/Corridos): | G3: Corridos | J3: Tamanho do Projeto | K3: =IF(G3="Úteis", "Prazo em dias úteis","Prazo em dias corridos") -> Prazo em dias corridos | N3: DESCRIÇÃO | Q3: VALORES
B4: P2 - Informe a versão do SISP: | G4: SISP v2.0/2.1 | N4: Data limite desejada
B5: P3 - Informe Tipo do Sistema: | G5: Sistema OO | H5: Expoent t para o Tipo: | K5: Complex. Baixa | L5: Complex. Média | N5: Prazo desejado p/conclusão (dias) | Q5: =IF(AND(Q4<>"",B17<>0),(Q4-G11)+1,B17) -> #VALUE!
H6: =IF(G5="Sistema Comum – Mainframe", 0.33, IF(G5="Sistema Comum – WEB", 0.35, IF(G5="Sistema OO", 0.36, IF(G5="Sistema Cliente/Servidor (Alta complexidade)", 0.37,IF(G5="Sistemas Gerenciais Complexos", 0.39, IF(G5="Software Básico, Framework, Sistemas Comerciais", 0.4, IF(G5="Software Militar *Exclusivo SISP v2.0", 0.45, "ERRO - Selecione o Tipo novamente"))))))) -> 0.36 | J6: Até 10 PF | K6: 7 | L6: 7 | N6: Taxa de redução do prazo-projeto | Q6: =IF(G8<>0,Q5/B17-1,"-") -> #VALUE!
B7: P4 - Informe a complexidade do projeto: | G7: Projetos com mais de 99 PF | J7: De 11 PF a 20 PF | K7: 13 | L7: 13 | Q7: SISP | R7: LINEAR
B8: P5 - Informe o tamanho do Projeto em PF: | G8: 200 | J8: De 21 PF a 30 PF | K8: 20 | L8: 20 | N8: Taxa de aumento de esforço | Q8: =IF(Q5=B17,"-",GROWTH(R22:R24,Q22:Q24,Q6,1)) -> #VALUE! | R8: =IF(Q5=B17,"-",TREND(R22:R24,Q22:Q24,Q6,0)) -> #VALUE!
B9: Fases do Projeto | D9: % SISP | E9: % OS | F9: Dias | G9: Cronograma | J9: De 31 PF a 40 PF | K9: 26 | L9: 26 | N9: Índice multiplicador de esforço | Q9: =IF(Q5=B17,"-",Q8/100+1) -> #VALUE! | R9: =IF(Q5=B17,"-",R8/100+1) -> #VALUE!
G10: Início | H10: Fim | J10: De 41 PF a 50 PF | K10: 33 | L10: 33 | N10: Novo Tamanho Funcional (PF) | Q10: =IF(Q5=B17,"-",(Q8/100+1)*G8) -> #VALUE! | R10: =IF(Q5=B17,"-",(R8/100+1)*G8) -> #VALUE!
B11: Engenharia de Requisitos | D11: 0.25 | E11: 0.25 | F11: =IF(ISERR($B$17*E11),"ERRO",$B$17*E11) -> ERRO | G11: 42369 | H11: =IF(E11="",G11,(IF(G11="","-",IF(ISERR(IF(AND((G11>=0),(G11<=2958465)),G11+(F11-1),"-")),"-",IF(AND((G11>=0),(G11<=2958465)),G11+(F11-1),"-"))))) -> - | J11: De 51 PF a 60 PF | K11: 39 | L11: 39 | N11: CRONOGRAMA COM REDUÇÃO DE PRAZO
B12: Arquitetura & Design | D12: =IF(G4="SISP v1.0",15%,10%) -> 0.1 | E12: 0.1 | F12: =IF(ISERR($B$17*E12),"ERRO",$B$17*E12) -> ERRO | G12: =IF(AND((H11>=0),(H11<=2958465)),H11,"-") -> - | H12: =IF(G12="", "-",(IF(AND((G12>=0),(G12<=2958465)),G12+(F12),"-"))) -> - | J12: De 61 PF a 70 PF | K12: 46 | L12: 46 | N12: Fases do Projeto | O12: % OS | P12: Dias | Q12: Data Início | R12: Data Fim
B13: Implementação | D13: 0.4 | E13: 0.4 | F13: =IF(ISERR($B$17*E13),"ERRO",$B$17*E13) -> ERRO | G13: =IF(AND((H12>=0),(H12<=2958465)),H12,"-") -> - | H13: =IF(G13="", "-",(IF(AND((G13>=0),(G13<=2958465)),G13+(F13),"-"))) -> - | J13: De 71 PF a 80 PF | K13: 52 | L13: 52 | N13: Engenharia de Requisitos | O13: =E11 -> 0.25 | P13: =IF(Q5=B17,"-",IF(AND($G$8<>0,$G$11<>""),$Q$5*O13,"-")) -> #VALUE! | Q13: =IF(Q5=B17,"-",IF(G11="","-",G11)) -> #VALUE! | R13: =IF(Q13<>"-",(IF(P13>1,((Q13+P13)-1),(Q13+P13))),"-") -> #VALUE!
B14: Testes | D14: =IF(G4="SISP v1.0",10%,15%) -> 0.15 | E14: 0.15 | F14: =IF(ISERR($B$17*E14),"ERRO",$B$17*E14) -> ERRO | G14: =IF(AND((H13>=0),(H13<=2958465)),H13,"-") -> - | H14: =IF(G14="", "-",(IF(AND((G14>=0),(G14<=2958465)),G14+(F14),"-"))) -> - | J14: De 81 PF a 90 PF | K14: 59 | L14: 59 | N14: Arquitetura & Design | O14: =E12 -> 0.1 | P14: =IF(Q5=B17,"-",IF(AND($G$8<>0,$G$11<>""),$Q$5*O14,"-")) -> #VALUE! | Q14: =R13 -> #VALUE! | R14: =IF(Q14<>"-",Q14+P14,"-") -> #VALUE!
B15: Homologação | D15: 0.05 | E15: 0.05 | F15: =IF(ISERR($B$17*E15),"ERRO",$B$17*E15) -> ERRO | G15: =IF(AND((H14>=0),(H14<=2958465)),H14,"-") -> - | H15: =IF(G15="", "-",(IF(AND((G15>=0),(G15<=2958465)),G15+(F15),"-"))) -> - | J15: De 91 PF a 100 PF | K15: 65 | L15: 65 | N15: Implementação | O15: =E13 -> 0.4 | P15: =IF(Q5=B17,"-",IF(AND($G$8<>0,$G$11<>""),$Q$5*O15,"-")) -> #VALUE! | Q15: =R14 -> #VALUE! | R15: =IF(Q15<>"-",Q15+P15,"-") -> #VALUE!
B16: Implantação | D16: 0.05 | E16: 0.05 | F16: =IF(ISERR($B$17*E16),"ERRO",$B$17*E16) -> ERRO | G16: =IF(AND((H15>=0),(H15<=2958465)),H15,"-") -> - | H16: =IF(G16="", "-",(IF(AND((G16>=0),(G16<=2958465)),G16+(F16),"-"))) -> - | J16: + de 99 PF | K16: Cálculo pela fórmula de Capers Jones: Td = V^t | N16: Testes | O16: =E14 -> 0.15 | P16: =IF(Q5=B17,"-",IF(AND($G$8<>0,$G$11<>""),$Q$5*O16,"-")) -> #VALUE! | Q16: =R15 -> #VALUE! | R16: =IF(Q16<>"-",Q16+P16,"-") -> #VALUE!
B17: =#VALUE! -> #VALUE! | C17: TOTAL | D17: 1 | E17: =SUM(E11:E16) -> 1 | F17: =IF(B17<>"ERRO - Insira novamente o tamanho em PF do projeto",SUM(F11:F16)&" dias","ERRO - Insira novamente PF") -> #VALUE! | N17: Homologação | O17: =E15 -> 0.05 | P17: =IF(Q5=B17,"-",IF(AND($G$8<>0,$G$11<>""),$Q$5*O17,"-")) -> #VALUE! | Q17: =R16 -> #VALUE! | R17: =IF(Q17<>"-",Q17+P17,"-") -> #VALUE!
N18: Implantação | O18: =E16 -> 0.05 | P18: =IF(Q5=B17,"-",IF(AND($G$8<>0,$G$11<>""),$Q$5*O18,"-")) -> #VALUE! | Q18: =R17 -> #VALUE! | R18: =IF(Q18<>"-",Q18+P18,"-") -> #VALUE!
Q21: Redução do prazo | R21: Aumento no esforço
Q22: -0.1 | R22: 20
Q23: -0.2 | R23: 50
Q24: -0.25 | R24: 70
Q26: Redução do prazo | R26: SISP | S26: Curva Linear
Q27: -0.01 | R27: =GROWTH($R$22:$R$24,$Q$22:$Q$24,Q27,1) -> 9.4974871 | S27: =TREND($R$22:$R$24,$Q$22:$Q$24,Q27,0) -> 2.6222222
Q28: -0.02 | R28: =GROWTH($R$22:$R$24,$Q$22:$Q$24,Q28,1) -> 10.33673 | S28: =TREND($R$22:$R$24,$Q$22:$Q$24,Q28,0) -> 5.2444444
Q29: -0.03 | R29: =GROWTH($R$22:$R$24,$Q$22:$Q$24,Q29,1) -> 11.250132 | S29: =TREND($R$22:$R$24,$Q$22:$Q$24,Q29,0) -> 7.8666667
Q30: -0.04 | R30: =GROWTH($R$22:$R$24,$Q$22:$Q$24,Q30,1) -> 12.244247 | S30: =TREND($R$22:$R$24,$Q$22:$Q$24,Q30,0) -> 10.488889
Q31: -0.05 | R31: =GROWTH($R$22:$R$24,$Q$22:$Q$24,Q31,1) -> 13.326207 | S31: =TREND($R$22:$R$24,$Q$22:$Q$24,Q31,0) -> 13.111111
Q32: -0.06 | R32: =GROWTH($R$22:$R$24,$Q$22:$Q$24,Q32,1) -> 14.503774 | S32: =TREND($R$22:$R$24,$Q$22:$Q$24,Q32,0) -> 15.733333
Q33: -0.07 | R33: =GROWTH($R$22:$R$24,$Q$22:$Q$24,Q33,1) -> 15.785396 | S33: =TREND($R$22:$R$24,$Q$22:$Q$24,Q33,0) -> 18.355556
Q34: -0.08 | R34: =GROWTH($R$22:$R$24,$Q$22:$Q$24,Q34,1) -> 17.180268 | S34: =TREND($R$22:$R$24,$Q$22:$Q$24,Q34,0) -> 20.977778
Q35: -0.09 | R35: =GROWTH($R$22:$R$24,$Q$22:$Q$24,Q35,1) -> 18.698398 | S35: =TREND($R$22:$R$24,$Q$22:$Q$24,Q35,0) -> 23.6
Q36: -0.1 | R36: =GROWTH($R$22:$R$24,$Q$22:$Q$24,Q36,1) -> 20.350676 | S36: =TREND($R$22:$R$24,$Q$22:$Q$24,Q36,0) -> 26.222222
Q37: -0.11 | R37: =GROWTH($R$22:$R$24,$Q$22:$Q$24,Q37,1) -> 22.148958 | S37: =TREND($R$22:$R$24,$Q$22:$Q$24,Q37,0) -> 28.844444
Q38: -0.12 | R38: =GROWTH($R$22:$R$24,$Q$22:$Q$24,Q38,1) -> 24.106145 | S38: =TREND($R$22:$R$24,$Q$22:$Q$24,Q38,0) -> 31.466667
... Q45: -0.19 | R45: =GROWTH($R$22:$R$24,$Q$22:$Q$24,Q45,1) -> 43.606275 | S45: =TREND($R$22:$R$24,$Q$22:$Q$24,Q45,0) -> 49.822222
Q46: -0.2 | R46: 50 | S46: =TREND($R$22:$R$24,$Q$22:$Q$24,Q46,0) -> 52.444444
Q47: -0.21 | R47: =GROWTH($R$22:$R$24,$Q$22:$Q$24,Q47,1) -> 51.65328 | S47: =TREND($R$22:$R$24,$Q$22:$Q$24,Q47,0) -> 55.066667
Q48: -0.22 | R48: =GROWTH($R$22:$R$24,$Q$22:$Q$24,Q48,1) -> 56.217608 | S48: =TREND($R$22:$R$24,$Q$22:$Q$24,Q48,0) -> 57.688889
Q49: -0.23 | R49: =GROWTH($R$22:$R$24,$Q$22:$Q$24,Q49,1) -> 61.185262 | S49: =TREND($R$22:$R$24,$Q$22:$Q$24,Q49,0) -> 60.311111
Q50: -0.24 | R50: =GROWTH($R$22:$R$24,$Q$22:$Q$24,Q50,1) -> 66.591881 | S50: =TREND($R$22:$R$24,$Q$22:$Q$24,Q50,0) -> 62.933333
Q51: -0.25 | R51: 70 | S51: =TREND($R$22:$R$24,$Q$22:$Q$24,Q51,0) -> 65.555556
Q52: -0.26 | R52: =GROWTH($R$22:$R$24,$Q$22:$Q$24,Q52,1) -> 78.8806 | S52: =TREND($R$22:$R$24,$Q$22:$Q$24,Q52,0) -> 68.177778
Q53: -0.27 | R53: =GROWTH($R$22:$R$24,$Q$22:$Q$24,Q53,1) -> 85.850863 | S53: =TREND($R$22:$R$24,$Q$22:$Q$24,Q53,0) -> 70.8
Q54: -0.28 | R54: =GROWTH($R$22:$R$24,$Q$22:$Q$24,Q54,1) -> 93.437051 | S54: =TREND($R$22:$R$24,$Q$22:$Q$24,Q54,0) -> 73.422222
Q55: -0.29 | R55: =GROWTH($R$22:$R$24,$Q$22:$Q$24,Q55,1) -> 101.69359 | S55: =TREND($R$22:$R$24,$Q$22:$Q$24,Q55,0) -> 76.044444
Q56: -0.3 | R56: =GROWTH($R$22:$R$24,$Q$22:$Q$24,Q56,1) -> 110.67972 | S56: =TREND($R$22:$R$24,$Q$22:$Q$24,Q56,0) -> 78.666667
Q57: -0.31 | R57: =GROWTH($R$22:$R$24,$Q$22:$Q$24,Q57,1) -> 120.4599 | S57: =TREND($R$22:$R$24,$Q$22:$Q$24,Q57,0) -> 81.288889
Q58: -0.32 | R58: =GROWTH($R$22:$R$24,$Q$22:$Q$24,Q58,1) -> 131.10431 | S58: =TREND($R$22:$R$24,$Q$22:$Q$24,Q58,0) -> 83.911111
Q59: -0.33 | R59: =GROWTH($R$22:$R$24,$Q$22:$Q$24,Q59,1) -> 142.68931 | S59: =TREND($R$22:$R$24,$Q$22:$Q$24,Q59,0) -> 86.533333
Q60: -0.34 | R60: =GROWTH($R$22:$R$24,$Q$22:$Q$24,Q60,1) -> 155.29801 | S60: =TREND($R$22:$R$24,$Q$22:$Q$24,Q60,0) -> 89.155556
Q61: -0.35 | R61: =GROWTH($R$22:$R$24,$Q$22:$Q$24,Q61,1) -> 169.02087 | S61: =TREND($R$22:$R$24,$Q$22:$Q$24,Q61,0) -> 91.777778
Q62: -0.36 | R62: =GROWTH($R$22:$R$24,$Q$22:$Q$24,Q62,1) -> 183.95636 | S62: =TREND($R$22:$R$24,$Q$22:$Q$24,Q62,0) -> 94.4
Q63: -0.37 | R63: =GROWTH($R$22:$R$24,$Q$22:$Q$24,Q63,1) -> 200.21161 | S63: =TREND($R$22:$R$24,$Q$22:$Q$24,Q63,0) -> 97.022222
... Q115: -0.89 | R115: =GROWTH($R$22:$R$24,$Q$22:$Q$24,Q115,1) -> 16359.167 | S115: =TREND($R$22:$R$24,$Q$22:$Q$24,Q115,0) -> 233.37778

Sheet Esforço
A1: =Resumo!A1 -> Template V.2.0 | C1: Contagem de Pontos de Função - SISP 2.0 Esforço
A3: Produtividade (h/PFs) -----------> | C3: 8
D4: Engenharia de Requisitos | E4: Design e Arquitetura | F4: Implementação | G4: Testes | H4: Homologação | I4: Implantação
A5: Requisito | B5: Quant. PF | C5: Total | D5: =Resumo!G18 -> 0.4 | E5: =Resumo!G19 -> 0.1 | F5: =Resumo!G20 -> 0.25 | G5: =Resumo!G21 -> 0.05 | H5: =Resumo!G22 -> 0.05 | I5: =Resumo!G23 -> 0.15
B6: =IF(Resumo!$B$5="Detalhada",SUMIF('AFP - Detalhada'!$E$10:$E$1324,Esforço!A6,'AFP - Detalhada'!$Q$10:$Q$1324),IF(Resumo!B5="Estimativa",SUMIF('AFP - Estimativa'!$F$10:$F$1082,Esforço!A6,'AFP - Estimativa'!$I$10:$I$1082)*(1+'AFP - Estimativa'!$C$6),IF(Resumo!B5="Indicativa",SUMIF('AFP - Indicativa'!$D$10:$D$108,Esforço!A6,'AFP - Indicativa'!$H$10:$H$108)*(1+'AFP - Indicativa'!$D$6),0))) -> 0 | C6: =ROUND(B6*$C$3,0) -> 0 | D6: =ROUND($C6*D$5,0) -> 0 | E6: =ROUND($C6*E$5,0) -> 0 | F6: =ROUND($C6*F$5,0) -> 0 | G6: =ROUND($C6*G$5,0) -> 0 | H6: =ROUND($C6*H$5,0) -> 0 | I6: =ROUND($C6*I$5,0) -> 0
B7: =IF(Resumo!$B$5="Detalhada",SUMIF('AFP - Detalhada'!$E$10:$E$1324,Esforço!A7,'AFP - Detalhada'!$Q$10:$Q$1324),IF(Resumo!B6="Estimativa",SUMIF('AFP - Estimativa'!$F$10:$F$1082,Esforço!A7,'AFP - Estimativa'!$I$10:$I$1082)*(1+'AFP - Estimativa'!$C$6),IF(Resumo!B6="Indicativa",SUMIF('AFP - Indicativa'!$D$10:$D$108,Esforço!A7,'AFP - Indicativa'!$H$10:$H$108)*(1+'AFP - Indicativa'!$D$6),0))) -> 0 | C7: =ROUND(B7*$C$3,0) -> 0 | D7: =ROUND($C7*D$5,0) -> 0 | E7: =ROUND($C7*E$5,0) -> 0 | F7: =ROUND($C7*F$5,0) -> 0 | G7: =ROUND($C7*G$5,0) -> 0 | H7: =ROUND($C7*H$5,0) -> 0 | I7: =ROUND($C7*I$5,0) -> 0
B8: =IF(Resumo!$B$5="Detalhada",SUMIF('AFP - Detalhada'!$E$10:$E$1324,Esforço!A8,'AFP - Detalhada'!$Q$10:$Q$1324),IF(Resumo!B7="Estimativa",SUMIF('AFP - Estimativa'!$F$10:$F$1082,Esforço!A8,'AFP - Estimativa'!$I$10:$I$1082)*(1+'AFP - Estimativa'!$C$6),IF(Resumo!B7="Indicativa",SUMIF('AFP - Indicativa'!$D$10:$D$108,Esforço!A8,'AFP - Indicativa'!$H$10:$H$108)*(1+'AFP - Indicativa'!$D$6),0))) -> 0 | C8: =ROUND(B8*$C$3,0) -> 0 | D8: =ROUND($C8*D$5,0) -> 0 | E8: =ROUND($C8*E$5,0) -> 0 | F8: =ROUND($C8*F$5,0) -> 0 | G8: =ROUND($C8*G$5,0) -> 0 | H8: =ROUND($C8*H$5,0) -> 0 | I8: =ROUND($C8*I$5,0) -> 0
B9: =IF(Resumo!$B$5="Detalhada",SUMIF('AFP - Detalhada'!$E$10:$E$1324,Esforço!A9,'AFP - Detalhada'!$Q$10:$Q$1324),IF(Resumo!B8="Estimativa",SUMIF('AFP - Estimativa'!$F$10:$F$1082,Esforço!A9,'AFP - Estimativa'!$I$10:$I$1082)*(1+'AFP - Estimativa'!$C$6),IF(Resumo!B8="Indicativa",SUMIF('AFP - Indicativa'!$D$10:$D$108,Esforço!A9,'AFP - Indicativa'!$H$10:$H$108)*(1+'AFP - Indicativa'!$D$6),0))) -> 0 | C9: =ROUND(B9*$C$3,0) -> 0 | D9: =ROUND($C9*D$5,0) -> 0 | E9: =ROUND($C9*E$5,0) -> 0 | F9: =ROUND($C9*F$5,0) -> 0 | G9: =ROUND($C9*G$5,0) -> 0 | H9: =ROUND($C9*H$5,0) -> 0 | I9: =ROUND($C9*I$5,0) -> 0
B10: =IF(Resumo!$B$5="Detalhada",SUMIF('AFP - Detalhada'!$E$10:$E$1324,Esforço!A10,'AFP - Detalhada'!$Q$10:$Q$1324),IF(Resumo!B9="Estimativa",SUMIF('AFP - Estimativa'!$F$10:$F$1082,Esforço!A10,'AFP - Estimativa'!$I$10:$I$1082)*(1+'AFP - Estimativa'!$C$6),IF(Resumo!B9="Indicativa",SUMIF('AFP - Indicativa'!$D$10:$D$108,Esforço!A10,'AFP - Indicativa'!$H$10:$H$108)*(1+'AFP - Indicativa'!$D$6),0))) -> 0 | C10: =ROUND(B10*$C$3,0) -> 0 | D10: =ROUND($C10*D$5,0) -> 0 | E10: =ROUND($C10*E$5,0) -> 0 | F10: =ROUND($C10*F$5,0) -> 0 | G10: =ROUND($C10*G$5,0) -> 0 | H10: =ROUND($C10*H$5,0) -> 0 | I10: =ROUND($C10*I$5,0) -> 0
B11: =IF(Resumo!$B$5="Detalhada",SUMIF('AFP - Detalhada'!$E$10:$E$1324,Esforço!A11,'AFP - Detalhada'!$Q$10:$Q$1324),IF(Resumo!B10="Estimativa",SUMIF('AFP - Estimativa'!$F$10:$F$1082,Esforço!A11,'AFP - Estimativa'!$I$10:$I$1082)*(1+'AFP - Estimativa'!$C$6),IF(Resumo!B10="Indicativa",SUMIF('AFP - Indicativa'!$D$10:$D$108,Esforço!A11,'AFP - Indicativa'!$H$10:$H$108)*(1+'AFP - Indicativa'!$D$6),0))) -> 0 | C11: =ROUND(B11*$C$3,0) -> 0 | D11: =ROUND($C11*D$5,0) -> 0 | E11: =ROUND($C11*E$5,0) -> 0 | F11: =ROUND($C11*F$5,0) -> 0 | G11: =ROUND($C11*G$5,0) -> 0 | H11: =ROUND($C11*H$5,0) -> 0 | I11: =ROUND($C11*I$5,0) -> 0
B12: =IF(Resumo!$B$5="Detalhada",SUMIF('AFP - Detalhada'!$E$10:$E$1324,Esforço!A12,'AFP - Detalhada'!$Q$10:$Q$1324),IF(Resumo!B11="Estimativa",SUMIF('AFP - Estimativa'!$F$10:$F$1082,Esforço!A12,'AFP - Estimativa'!$I$10:$I$1082)*(1+'AFP - Estimativa'!$C$6),IF(Resumo!B11="Indicativa",SUMIF('AFP - Indicativa'!$D$10:$D$108,Esforço!A12,'AFP - Indicativa'!$H$10:$H$108)*(1+'AFP - Indicativa'!$D$6),0))) -> 0 | C12: =ROUND(B12*$C$3,0) -> 0 | D12: =ROUND($C12*D$5,0) -> 0 | E12: =ROUND($C12*E$5,0) -> 0 | F12: =ROUND($C12*F$5,0) -> 0 | G12: =ROUND($C12*G$5,0) -> 0 | H12: =ROUND($C12*H$5,0) -> 0 | I12: =ROUND($C12*I$5,0) -> 0
B13: =IF(Resumo!$B$5="Detalhada",SUMIF('AFP - Detalhada'!$E$10:$E$1324,Esforço!A13,'AFP - Detalhada'!$Q$10:$Q$1324),IF(Resumo!B12="Estimativa",SUMIF('AFP - Estimativa'!$F$10:$F$1082,Esforço!A13,'AFP - Estimativa'!$I$10:$I$1082)*(1+'AFP - Estimativa'!$C$6),IF(Resumo!B12="Indicativa",SUMIF('AFP - Indicativa'!$D$10:$D$108,Esforço!A13,'AFP - Indicativa'!$H$10:$H$108)*(1+'AFP - Indicativa'!$D$6),0))) -> 0 | C13: =ROUND(B13*$C$3,0) -> 0 | D13: =ROUND($C13*D$5,0) -> 0 | E13: =ROUND($C13*E$5,0) -> 0 | F13: =ROUND($C13*F$5,0) -> 0 | G13: =ROUND($C13*G$5,0) -> 0 | H13: =ROUND($C13*H$5,0) -> 0 | I13: =ROUND($C13*I$5,0) -> 0
B14: =IF(Resumo!$B$5="Detalhada",SUMIF('AFP - Detalhada'!$E$10:$E$1324,Esforço!A14,'AFP - Detalhada'!$Q$10:$Q$1324),IF(Resumo!B13="Estimativa",SUMIF('AFP - Estimativa'!$F$10:$F$1082,Esforço!A14,'AFP - Estimativa'!$I$10:$I$1082)*(1+'AFP - Estimativa'!$C$6),IF(Resumo!B13="Indicativa",SUMIF('AFP - Indicativa'!$D$10:$D$108,Esforço!A14,'AFP - Indicativa'!$H$10:$H$108)*(1+'AFP - Indicativa'!$D$6),0))) -> 0 | C14: =ROUND(B14*$C$3,0) -> 0 | D14: =ROUND($C14*D$5,0) -> 0 | E14: =ROUND($C14*E$5,0) -> 0 | F14: =ROUND($C14*F$5,0) -> 0 | G14: =ROUND($C14*G$5,0) -> 0 | H14: =ROUND($C14*H$5,0) -> 0 | I14: =ROUND($C14*I$5,0) -> 0
B15: =IF(Resumo!$B$5="Detalhada",SUMIF('AFP - Detalhada'!$E$10:$E$1324,Esforço!A15,'AFP - Detalhada'!$Q$10:$Q$1324),IF(Resumo!B14="Estimativa",SUMIF('AFP - Estimativa'!$F$10:$F$1082,Esforço!A15,'AFP - Estimativa'!$I$10:$I$1082)*(1+'AFP - Estimativa'!$C$6),IF(Resumo!B14="Indicativa",SUMIF('AFP - Indicativa'!$D$10:$D$108,Esforço!A15,'AFP - Indicativa'!$H$10:$H$108)*(1+'AFP - Indicativa'!$D$6),0))) -> 0 | C15: =ROUND(B15*$C$3,0) -> 0 | D15: =ROUND($C15*D$5,0) -> 0 | E15: =ROUND($C15*E$5,0) -> 0 | F15: =ROUND($C15*F$5,0) -> 0 | G15: =ROUND($C15*G$5,0) -> 0 | H15: =ROUND($C15*H$5,0) -> 0 | I15: =ROUND($C15*I$5,0) -> 0
B16: =IF(Resumo!$B$5="Detalhada",SUMIF('AFP - Detalhada'!$E$10:$E$1324,Esforço!A16,'AFP - Detalhada'!$Q$10:$Q$1324),IF(Resumo!B15="Estimativa",SUMIF('AFP - Estimativa'!$F$10:$F$1082,Esforço!A16,'AFP - Estimativa'!$I$10:$I$1082)*(1+'AFP - Estimativa'!$C$6),IF(Resumo!B15="Indicativa",SUMIF('AFP - Indicativa'!$D$10:$D$108,Esforço!A16,'AFP - Indicativa'!$H$10:$H$108)*(1+'AFP - Indicativa'!$D$6),0))) -> 0 | C16: =ROUND(B16*$C$3,0) -> 0 | D16: =ROUND($C16*D$5,0) -> 0 | E16: =ROUND($C16*E$5,0) -> 0 | F16: =ROUND($C16*F$5,0) -> 0 | G16: =ROUND($C16*G$5,0) -> 0 | H16: =ROUND($C16*H$5,0) -> 0 | I16: =ROUND($C16*I$5,0) -> 0
B17: =IF(Resumo!$B$5="Detalhada",SUMIF('AFP - Detalhada'!$E$10:$E$1324,Esforço!A17,'AFP - Detalhada'!$Q$10:$Q$1324),IF(Resumo!B16="Estimativa",SUMIF('AFP - Estimativa'!$F$10:$F$1082,Esforço!A17,'AFP - Estimativa'!$I$10:$I$1082)*(1+'AFP - Estimativa'!$C$6),IF(Resumo!B16="Indicativa",SUMIF('AFP - Indicativa'!$D$10:$D$108,Esforço!A17,'AFP - Indicativa'!$H$10:$H$108)*(1+'AFP - Indicativa'!$D$6),0))) -> 0 | C17: =ROUND(B17*$C$3,0) -> 0 | D17: =ROUND($C17*D$5,0) -> 0 | E17: =ROUND($C17*E$5,0) -> 0 | F17: =ROUND($C17*F$5,0) -> 0 | G17: =ROUND($C17*G$5,0) -> 0 | H17: =ROUND($C17*H$5,0) -> 0 | I17: =ROUND($C17*I$5,0) -> 0
... B21: =IF(Resumo!$B$5="Detalhada",SUMIF('AFP - Detalhada'!$E$10:$E$1324,Esforço!A21,'AFP - Detalhada'!$Q$10:$Q$1324),IF(Resumo!B20="Estimativa",SUMIF('AFP - Estimativa'!$F$10:$F$1082,Esforço!A21,'AFP - Estimativa'!$I$10:$I$1082)*(1+'AFP - Estimativa'!$C$6),IF(Resumo!B20="Indicativa",SUMIF('AFP - Indicativa'!$D$10:$D$108,Esforço!A21,'AFP - Indicativa'!$H$10:$H$108)*(1+'AFP - Indicativa'!$D$6),0))) -> 0 | C21: =ROUND(B21*$C$3,0) -> 0 | D21: =ROUND($C21*D$5,0) -> 0 | E21: =ROUND($C21*E$5,0) -> 0 | F21: =ROUND($C21*F$5,0) -> 0 | G21: =ROUND($C21*G$5,0) -> 0 | H21: =ROUND($C21*H$5,0) -> 0 | I21: =ROUND($C21*I$5,0) -> 0
B22: =IF(Resumo!$B$5="Detalhada",SUMIF('AFP - Detalhada'!$E$10:$E$1324,Esforço!A22,'AFP - Detalhada'!$Q$10:$Q$1324),IF(Resumo!B23="Estimativa",SUMIF('AFP - Estimativa'!$F$10:$F$1082,Esforço!A22,'AFP - Estimativa'!$I$10:$I$1082)*(1+'AFP - Estimativa'!$C$6),IF(Resumo!B23="Indicativa",SUMIF('AFP - Indicativa'!$D$10:$D$108,Esforço!A22,'AFP - Indicativa'!$H$10:$H$108)*(1+'AFP - Indicativa'!$D$6),0))) -> 0 | C22: =ROUND(B22*$C$3,0) -> 0 | D22: =ROUND($C22*D$5,0) -> 0 | E22: =ROUND($C22*E$5,0) -> 0 | F22: =ROUND($C22*F$5,0) -> 0 | G22: =ROUND($C22*G$5,0) -> 0 | H22: =ROUND($C22*H$5,0) -> 0 | I22: =ROUND($C22*I$5,0) -> 0
B23: =IF(Resumo!$B$5="Detalhada",SUMIF('AFP - Detalhada'!$E$10:$E$1324,Esforço!A23,'AFP - Detalhada'!$Q$10:$Q$1324),IF(Resumo!B24="Estimativa",SUMIF('AFP - Estimativa'!$F$10:$F$1082,Esforço!A23,'AFP - Estimativa'!$I$10:$I$1082)*(1+'AFP - Estimativa'!$C$6),IF(Resumo!B24="Indicativa",SUMIF('AFP - Indicativa'!$D$10:$D$108,Esforço!A23,'AFP - Indicativa'!$H$10:$H$108)*(1+'AFP - Indicativa'!$D$6),0))) -> 0 | C23: =ROUND(B23*$C$3,0) -> 0 | D23: =ROUND($C23*D$5,0) -> 0 | E23: =ROUND($C23*E$5,0) -> 0 | F23: =ROUND($C23*F$5,0) -> 0 | G23: =ROUND($C23*G$5,0) -> 0 | H23: =ROUND($C23*H$5,0) -> 0 | I23: =ROUND($C23*I$5,0) -> 0
A24: TOTAL | B24: =SUM(B6:B23) -> 0 | C24: =SUM(C6:C23) -> 0 | D24: =SUM(D6:D23) -> 0 | E24: =ROUND($C24*E$5,0) -> 0 | F24: =SUM(F6:F23) -> 0 | G24: =SUM(G6:G23) -> 0 | H24: =SUM(H6:H23) -> 0 | I24: =SUM(I6:I23) -> 0

Sheet Tipo Projeto
A1: Identificação da Manutenção | D1: Serviço e Produto UST | J1: INM
A2: Tipo | B2: Fator de Ajuste | D2: 1 - Registro de Necessidades | E2: Básica | F2: Intermediária | G2: Mediana | H2: Alta | J2: Item | K2: PF | L2: Tipo | M2: Especificidade | N2: Descrição
A3: Criação camada de Apresentação | B3: 0.2 | D3: 2 - Atualização dos dados de necessidade ou demandas | E3: Básica | F3: Intermediária | G3: Mediana | H3: Alta | J3: Escrita de Comentário | K3: 0.1 | N3: Escrita de comentários em código-fonte para elucidar seu funcionamento: - Para realizar está atividade um profissionais com os perfis de analista e desenvolvedor deverá realizar engenharia reversa para entendimento da implementação e regras de negócio, escrevendo comentários explicativos sobre o funcionamento do código-fonte; - Os comentários serão analisados quanto a sua coerência e pertinência, sendo desconsiderados os que não atenderem esse critério;
A4: Exclusão | B4: 0.4 | D4: 3 - Geração de relatórios | E4: Básica | F4: Intermediária | G4: Mediana | H4: Alta | J4: Alteração Tabela Code Table | K4: 0.5 | N4: Alterações referentes à DDL em tabelas CODE TABLE e respectivas funcionalidades, de sistemas em produção (não se aplica ao desenvolvimento de novos sistemas nem as atividades de “popular” a tabela), sendo previstas as seguintes atividades e seus percentuais de ponto de função: - Inclusão de tabela e funcionalidades; - Alteração da tabela e funcionalidades; - Excluir tabela e funcionalidades; - Inclusão de funcionalidade; - Alteração de funcionalidade; - Exclusão de funcionalidade.
A5: Manutenção Corretiva - Não Desenvolvido pela Empresa | B5: 0.75 | D5: 4 - Atualização de relatórios | E5: Básica | F5: Intermediária | G5: Mediana | H5: Alta | J5: Exclusão Páginas Estáticas/Help/Menu Estático | K5: 0.1 | N5: Alterações referentes à criação ou exclusão de telas para: - Adição ou reestruturação de menus de navegação estáticos; - Adição ou reestruturação de Ajuda (help estático); - Criação, alteração ou exclusão de páginas estáticas. * 0,2 de um ponto de função, para Alteração e/ou Criação de uma tela. * 0,1 de um ponto de função, para Exclusão de uma tela
A6: Alteração Parâmetros | B6: 0.0001 | D6: 5 - Levantamento de Necessidades de Informação | E6: Básica | F6: Intermediária | G6: Mediana | J6: Correção Segurança Código – Recorrente | K6: 0.02 | N6: Correção de problema de segurança em código-fonte, consistindo na refatoração de código-fonte sem alteração de funcionalidade: - Os problemas segurança serão classificados conforme sua criticidade, sendo atribuído um percentual em para cada tipo: o Muito Alta o Alta o Média o Baixa o Muito Baixa - Se o problema for recorrente, e a mesma solução puder aplicada na resolução de todos, será pago 0,02 de um ponto de função para cada ocorrência; - A correção de problemas de segurança não devem gerar outros problemas de segurança ou de qualidade de código, sendo esta um condição para aceitação do serviço;
A7: Pontos de Função de Teste | B7: 0.15 | D7: 6 - Parecer sobre necessidade | E7: Básica | F7: Intermediária | G7: Mediana | H7: Alta | J7: Exclusão de Tabela Code Table | K7: 0.25 | N7: Alterações referentes à DDL em tabelas CODE TABLE e respectivas funcionalidades, de sistemas em produção (não se aplica ao desenvolvimento de novos sistemas nem as atividades de “popular” a tabela), sendo previstas as seguintes atividades e seus percentuais de ponto de função: - Inclusão de tabela e funcionalidades; - Alteração da tabela e funcionalidades; - Excluir tabela e funcionalidades; - Inclusão de funcionalidade; - Alteração de funcionalidade; - Exclusão de funcionalidade.
A8: Migração de Dados | B8: 1 | D8: 7 - Estimativa de esforço HST | E8: Básica | F8: Intermediária | J8: Inclusão/Alteração/Exclusão Funcionalidade Code Table | K8: 1 | N8: Alterações referentes à DDL em tabelas CODE TABLE e respectivas funcionalidades, de sistemas em produção (não se aplica ao desenvolvimento de novos sistemas nem as atividades de “popular” a tabela), sendo previstas as seguintes atividades e seus percentuais de ponto de função: - Inclusão de tabela e funcionalidades; - Alteração da tabela e funcionalidades; - Excluir tabela e funcionalidades; - Inclusão de funcionalidade; - Alteração de funcionalidade; - Exclusão de funcionalidade.
A9: Manutenção Corretiva - Desenvolvido pela Empresa | B9: 0.5 | D9: 8 - Necessidade de usuário | E9: Básica | F9: Intermediária | G9: Mediana | H9: Alta | J9: Refatoração Código | K9: 5 | N9: Refatoração de código-fonte, sem alteração de funcionalidade, para: - Melhoria de reusabilidade, portabilidade, manutenibilidade, segurança, desempenho, capacidade de mudança, confiabilidade e testabilidade - Aplicação de padrões de projetos; - Criação de camadas lógicas; - Poderá ser solicitada várias refatorações em uma mesma ordem de serviço, não alterando o percentual de pagamento;
A10: Apuração Especial – Reexecução | B10: 0.1 | D10: 9 - Caso de uso | E10: Básica | J10: Correção Segurança Código – Muito Baixo | K10: 0.1 | N10: Correção de problema de segurança em código-fonte, consistindo na refatoração de código-fonte sem alteração de funcionalidade: - Os problemas segurança serão classificados conforme sua criticidade, sendo atribuído um percentual em para cada tipo: o Muito Alta o Alta o Média o Baixa o Muito Baixa - Se o problema for recorrente, e a mesma solução puder aplicada na resolução de todos, será pago 0,02 de um ponto de função para cada ocorrência; - A correção de problemas de segurança não devem gerar outros problemas de segurança ou de qualidade de código, sendo esta um condição para aceitação do serviço;
A11: Atualização de Dados | B11: 0.1 | D11: 10 - Protótipo de solução | E11: Básica | F11: Intermediária | J11: Inclusão Tabela Code Table | K11: 1 | N11: Alterações referentes à DDL em tabelas CODE TABLE e respectivas funcionalidades, de sistemas em produção (não se aplica ao desenvolvimento de novos sistemas nem as atividades de “popular” a tabela), sendo previstas as seguintes atividades e seus percentuais de ponto de função: - Inclusão de tabela e funcionalidades; - Alteração da tabela e funcionalidades; - Excluir tabela e funcionalidades; - Inclusão de funcionalidade; - Alteração de funcionalidade; - Exclusão de funcionalidade.
A12: Adaptação em Funcionalidades sem Alteração de Requisitos Funcionais | B12: 0.5 | D12: 11 - Regras de negócio | E12: Básica | H12: Alta | J12: Alteração Layout Tela | K12: 0.04 | N12: Alterações referentes aos layouts de telas, tais como: - Mudança de posição de campos em telas, em relatórios ou em layout de arquivos, sem que haja alteração em elementos de dados, arquivos referenciados ou informações de controle; - Inclusão, alteração ou exclusão de imagem; - Divisão de telas e/ou relatórios, sem que tenha havido mudança na funcionalidade; - Atualização de rótulos de dados sem que haja mudança de funcionalidade * 0,04 de um ponto de função, para cada elemento
A13: Inclusão | B13: 1 | D13: 12 - Documento de Visão | H13: Alta | J13: Alterações de Campos e Variáveis: | K13: 0.08 | N13: Alterações referentes a Campos e Variáveis: - Inclusão, alteração ou exclusão em telas ou relatórios de campos e variáveis, sem que tenha havido mudança na funcionalidade; - Padronização de nomenclatura de campos e variáveis em programas e tabelas. 0,08 de um ponto de função, para cada dados/campos
A14: Atualização de Versão – Banco de Dados | B14: 0.3 | D14: 13 - Modelo de arquitetura de Desenvolvimento | H14: Alta | J14: Desenvolvimento, Manutenção e Publicação de Páginas Estáticas | K14: 0.6 | N14: Desenvolvimento, Manutenção e Publicação de Páginas Estáticas de Intranet, Internet ou Portal Nesta seção são tratados desenvolvimentos e manutenções específicas em páginas estáticas de portais, intranets ou websites. As demandas desta seção abrangem a publicação de páginas Web com conteúdo estático. Estas demandas são consideradas como desenvolvimento de consultas. Nestes casos, considera-se 20% dos pontos de função das consultas desenvolvidas. Cada página é contada como uma consulta. As consultas são consideradas consultas externas simples (3 PF). Ou seja, 0,6 PF por cada página desenvolvida ou mantida, de acordo com a fórmula abaixo: PF_PUBLICAÇÃO = 0,6 PF x Quantidade de Páginas Alteradas ou Incluídas
A15: Mudança de Plataforma - Linguagem de Programação | B15: 1 | D15: 14 - Desenho de Solução (UML) | H15: Alta | J15: Correção Qualidade Código – Alto | K15: 0.2 | N15: Correção de problema de qualidade de código, consistindo na refatoração de código-fonte sem alteração de funcionalidade: - Os problemas de qualidade de código-fonte serão classificados da conforme seu impacto, sendo atribuído um percentual em para cada tipo: o Muito Alta o Alta o Média o Baixa o Muito Baixa - Se o problema for recorrente, e a mesma solução puder aplicada na resolução de todos problemas, será pago 0,01 de um ponto de função para cada ocorrência; - A correção de problemas de qualidade de código-fonte não devem gerar outros problemas de qualidade ou de segurança, sendo esta um condição para aceitação do serviço;
A16: Apuração Especial – Geração de Relatórios | B16: 1 | D16: 15 - Dicionário de dados | G16: Mediana | J16: Inclusão/Alteração/Exclusão itens Lista (Combo) e/ou Tabela Física | K16: 0.01 | N16: Alterações referentes à inclusão, alteração ou exclusão de dados pertencentes a listas (combobox), componentes corporativos ou tabelas físicas já existentes
A17: Atualização de Versão – Linguagem de Programação | B17: 0.3 | D17: 16 - Estimativas | E17: Básica | F17: Intermediária | G17: Mediana | J17: Componente Interno Reusável - Arquivo | K17: 0.6 | N17: Componente Interno Reusável - Arquivos Em alguns casos são demandadas manutenções em componentes, que implementam regras de negócio, específicos de uma aplicação e estes são reusados por várias funcionalidades da aplicação. Existem casos onde são realizadas manutenções de valores de elementos internos de configuração que afetam o comportamento ou a apresentação do sistema de forma geral, tais como páginas de estilos (arquivos CSS de sistemas Web), arquivos com mensagens de erro, arquivos de configuração de sistema e arquivos de internacionalização. Nestes casos, a aferição do tamanho em pontos de função será realizada com a aplicação de um fator de redução de modo a considerar 20% da contagem de uma função transacional de mais baixa complexidade (3 PF), ou seja 0,6 PF. Assim sendo, deve ser utilizada a seguinte fórmula de cálculo: PF_COMPONENTE_ARQUIVO = 0,6 PF x QTD_ARQUIVOS_ALTERADOS
A18: Manutenção de Documentação de Sistemas Legados | B18: 0.25 | D18: 17 - Análise de viabilidade de soluções | E18: Básica | F18: Intermediária | G18: Mediana | H18: Alta | J18: Manutenção em Interface | K18: 0.6 | N18: Manutenção em Interface A manutenção em interface, denominada na literatura de manutenção cosmética, é associada às demandas de alterações de interface Nestes casos, a aferição do tamanho em pontos de função das funções transacionais impactadas será realizada com a aplicação de um fator de redução de modo a considerar 20% da contagem de uma função transacional de mais baixa complexidade (3 PF), ou seja 0,6 PF, independentemente da complexidade da funcionalidade alterada. Neste tipo de manutenção não são contadas funções de dados. PF_INTERFACE = 0,6 PF x QUANTIDADE DE FUNÇÕES TRANSACIONAIS IMPACTADAS
A19: Apuração Especial – Base de Dados | B19: 1 | D19: 18 - Definição de arquitetura de referência | H19: Alta | J19: Alteração Texto Mensagem | K19: 0.04 | N19: Alterações de texto de mensagens de retorno ao usuário, desde que não façam parte de um ALI ou AIE * 0,04 de um ponto de função, para cada mensagens
A20: Apuração Especial – Base de Dados | B20: 1 | D20: 19 - Documentação da arquitetura existente | G20: Mediana | J20: Alteração Conteúdo Email | K20: 0.1 | N20: Alteração de conteúdo de mensagens de e-mail enviadas pelo sistema
A21: Mudança de Plataforma - Banco de Dados (relacional p/ relacional) | B21: 0.3 | D21: 20 - Planejamento de projeto | E21: Básica | F21: Intermediária | G21: Mediana | H21: Alta | J21: Correção Qualidade Código – Recorrente | K21: 0.01 | N21: Correção de problema de qualidade de código, consistindo na refatoração de código-fonte sem alteração de funcionalidade: - Os problemas de qualidade de código-fonte serão classificados da conforme seu impacto, sendo atribuído um percentual em para cada tipo: o Muito Alta o Alta o Média o Baixa o Muito Baixa - Se o problema for recorrente, e a mesma solução puder aplicada na resolução de todos problemas, será pago 0,01 de um ponto de função para cada ocorrência; - A correção de problemas de qualidade de código-fonte não devem gerar outros problemas de qualidade ou de segurança, sendo esta um condição para aceitação do serviço;
A22: Atualização de Versão | B22: 0.3 | D22: 21 - Relatório de Situação de Projeto | E22: Básica | F22: Intermediária | G22: Mediana | H22: Alta | J22: Correção Qualidade Código – Muito Baixo | K22: 0.05 | N22: Correção de problema de qualidade de código, consistindo na refatoração de código-fonte sem alteração de funcionalidade: - Os problemas de qualidade de código-fonte serão classificados da conforme seu impacto, sendo atribuído um percentual em para cada tipo: o Muito Alta o Alta o Média o Baixa o Muito Baixa - Se o problema for recorrente, e a mesma solução puder aplicada na resolução de todos problemas, será pago 0,01 de um ponto de função para cada ocorrência; - A correção de problemas de qualidade de código-fonte não devem gerar outros problemas de qualidade ou de segurança, sendo esta um condição para aceitação do serviço;
A23: Adaptação em Funcionalidades sem Alteração de Requisitos Funcionais | B23: 0.75 | D23: 22 - Suporte a Projetos | E23: Básica | F23: Intermediária | G23: Mediana | H23: Alta | J23: Correção Qualidade Código – Baixo | K23: 0.1 | N23: Correção de problema de qualidade de código, consistindo na refatoração de código-fonte sem alteração de funcionalidade: - Os problemas de qualidade de código-fonte serão classificados da conforme seu impacto, sendo atribuído um percentual em para cada tipo: o Muito Alta o Alta o Média o Baixa o Muito Baixa - Se o problema for recorrente, e a mesma solução puder aplicada na resolução de todos problemas, será pago 0,01 de um ponto de função para cada ocorrência; - A correção de problemas de qualidade de código-fonte não devem gerar outros problemas de qualidade ou de segurança, sendo esta um condição para aceitação do serviço;
A24: Apuração Especial – Base de Dados | B24: 0.6 | D24: 23 - Apoio ao Controle de Projetos | E24: Básica | F24: Intermediária | G24: Mediana | H24: Alta | J24: Correção Qualidade Código – Muito Alto | K24: 0.25 | N24: Correção de problema de qualidade de código, consistindo na refatoração de código-fonte sem alteração de funcionalidade: - Os problemas de qualidade de código-fonte serão classificados da conforme seu impacto, sendo atribuído um percentual em para cada tipo: o Muito Alta o Alta o Média o Baixa o Muito Baixa - Se o problema for recorrente, e a mesma solução puder aplicada na resolução de todos problemas, será pago 0,01 de um ponto de função para cada ocorrência; - A correção de problemas de qualidade de código-fonte não devem gerar outros problemas de qualidade ou de segurança, sendo esta um condição para aceitação do serviço;
A25: Adaptação em Funcionalidades sem Alteração de Requisitos Funcionais | B25: 0.9 | D25: 24 - Apoio ao Gerenciamento de Projetos | E25: Básica | F25: Intermediária | J25: Correção Qualidade Código – Médio | K25: 0.15 | N25: Correção de problema de qualidade de código, consistindo na refatoração de código-fonte sem alteração de funcionalidade: - Os problemas de qualidade de código-fonte serão classificados da conforme seu impacto, sendo atribuído um percentual em para cada tipo: o Muito Alta o Alta o Média o Baixa o Muito Baixa - Se o problema for recorrente, e a mesma solução puder aplicada na resolução de todos problemas, será pago 0,01 de um ponto de função para cada ocorrência; - A correção de problemas de qualidade de código-fonte não devem gerar outros problemas de qualidade ou de segurança, sendo esta um condição para aceitação do serviço;
A26: Componente Interno Reusável | B26: 0.1 | D26: 25 - Controle de Portfolio de Projetos | E26: Básica | F26: Intermediária | G26: Mediana | H26: Alta | J26: Atualizar Versão Componente | K26: 2 | N26: Atualização de versões de componentes e refatoração de códigos-fonte para atender a versão do componente: - Poderá ser solicita a atualização de mais de um componente na mesma ordem de serviço;
A27: Mudança de Plataforma - Banco de Dados (hierárquico p/ relacional) | B27: 1 | D27: 26 - Controle de Portfolio de Serviços | E27: Básica | F27: Intermediária | G27: Mediana | H27: Alta | J27: Atualizar Versão Componente – Adicional: Arquivo | K27: 0.05 | N27: Atualização de versões de componentes e refatoração de códigos-fonte para atender a versão do componente: - Poderá ser solicita a atualização de mais de um componente na mesma ordem de serviço; * 0,05 ponto de função por arquivo refatorado
A28: Alteração | B28: 0.6 | D28: 27 - Indicadores de desempenho | E28: Básica | F28: Intermediária | G28: Mediana | H28: Alta | J28: Refatoração Código – Adicional: Camada, Arquivo | K28: 0.01 | N28: Refatoração de código-fonte, sem alteração de funcionalidade, para: - Melhoria de reusabilidade, portabilidade, manutenibilidade, segurança, desempenho, capacidade de mudança, confiabilidade e testabilidade - Aplicação de padrões de projetos; - Criação de camadas lógicas; - Poderá ser solicitada várias refatorações em uma mesma ordem de serviço, não alterando o percentual de pagamento;
A29: Verificação de Erros - Sem Documentação | B29: 0.2 | D29: 28 - Níveis de serviço | E29: Básica | F29: Intermediária | G29: Mediana | H29: Alta | J29: Correção Segurança Código – Baixo | K29: 0.15 | N29: Correção de problema de segurança em código-fonte, consistindo na refatoração de código-fonte sem alteração de funcionalidade: - Os problemas segurança serão classificados conforme sua criticidade, sendo atribuído um percentual em para cada tipo: o Muito Alta o Alta o Média o Baixa o Muito Baixa - Se o problema for recorrente, e a mesma solução puder aplicada na resolução de todos, será pago 0,02 de um ponto de função para cada ocorrência; - A correção de problemas de segurança não devem gerar outros problemas de segurança ou de qualidade de código, sendo esta um condição para aceitação do serviço;
A30: Verificação de Erros - Com documentação | B30: 0.15 | D30: 29 - Validação de qualidade | E30: Básica | F30: Intermediária | G30: Mediana | H30: Alta | J30: Correção Segurança Código – Muito Alto | K30: 0.3 | N30: Correção de problema de segurança em código-fonte, consistindo na refatoração de código-fonte sem alteração de funcionalidade: - Os problemas segurança serão classificados conforme sua criticidade, sendo atribuído um percentual em para cada tipo: o Muito Alta o Alta o Média o Baixa o Muito Baixa - Se o problema for recorrente, e a mesma solução puder aplicada na resolução de todos, será pago 0,02 de um ponto de função para cada ocorrência; - A correção de problemas de segurança não devem gerar outros problemas de segurança ou de qualidade de código, sendo esta um condição para aceitação do serviço;
A31: Carga mca | B31: 0.1 | D31: 30 - Riscos | E31: Básica | F31: Intermediária | G31: Mediana | H31: Alta | J31: Correção Segurança Código – Médio | K31: 0.2 | N31: Correção de problema de segurança em código-fonte, consistindo na refatoração de código-fonte sem alteração de funcionalidade: - Os problemas segurança serão classificados conforme sua criticidade, sendo atribuído um percentual em para cada tipo: o Muito Alta o Alta o Média o Baixa o Muito Baixa - Se o problema for recorrente, e a mesma solução puder aplicada na resolução de todos, será pago 0,02 de um ponto de função para cada ocorrência; - A correção de problemas de segurança não devem gerar outros problemas de segurança ou de qualidade de código, sendo esta um condição para aceitação do serviço;
D32: 31 - Planejamento de Metodologia | E32: Básica | F32: Intermediária | G32: Mediana | H32: Alta | J32: Correção Segurança Código – Alto | K32: 0.25 | N32: Correção de problema de segurança em código-fonte, consistindo na refatoração de código-fonte sem alteração de funcionalidade: - Os problemas segurança serão classificados conforme sua criticidade, sendo atribuído um percentual em para cada tipo: o Muito Alta o Alta o Média o Baixa o Muito Baixa - Se o problema for recorrente, e a mesma solução puder aplicada na resolução de todos, será pago 0,02 de um ponto de função para cada ocorrência; - A correção de problemas de segurança não devem gerar outros problemas de segurança ou de qualidade de código, sendo esta um condição para aceitação do serviço;
D33: 32 - Adequação metodológica | E33: Básica | F33: Intermediária | G33: Mediana | H33: Alta | J33: Criação/Alteração Páginas Estáticas/Help/Menu Estático | K33: 0.2 | N33: Alterações referentes à criação ou exclusão de telas para: - Adição ou reestruturação de menus de navegação estáticos; - Adição ou reestruturação de Ajuda (help estático); - Criação, alteração ou exclusão de páginas estáticas. * 0,2 de um ponto de função, para Alteração e/ou Criação de uma tela. * 0,1 de um ponto de função, para Exclusão de uma tela
D34: 33 - Validação de aplicação de metodologia | E34: Básica | F34: Intermediária | G34: Mediana | H34: Alta
D35: 34 - Apostila | E35: Básica | F35: Intermediária | G35: Mediana | H35: Alta
D36: 35 - Manual | E36: Básica | F36: Intermediária | G36: Mediana | H36: Alta
D37: 36 - Documentação do Sistema | E37: Básica | F37: Intermediária | G37: Mediana | H37: Alta
D38: 37 - Curso presencial | E38: Básica | F38: Intermediária | G38: Mediana | H38: Alta
D39: 38 - Workshop | E39: Básica | F39: Intermediária | G39: Mediana | H39: Alta
D40: 39 - Treinamento automatizado | E40: Básica | F40: Intermediária | G40: Mediana | H40: Alta
D41: 40 - Treinamento áudio visual | E41: Básica | F41: Intermediária | G41: Mediana | H41: Alta
D42: 41 - Apoio para atendimento de usuários ' | E42: Básica | F42: Intermediária | G42: Mediana | H42: Alta
D43: 42 - Resultado de pesquisa | E43: Básica | F43: Intermediária | G43: Mediana | H43: Alta
D44: 43 - Levantamento de processos | E44: Básica | F44: Intermediária | G44: Mediana | H44: Alta
D45: 44 - Documentação de Processos | E45: Básica | F45: Intermediária | G45: Mediana | H45: Alta
... D53: 52 - Priorização de Demandas | E53: Básica | F53: Intermediária | G53: Mediana | H53: Alta
D170: =C170&" - " -> -
D171: =C171&" - " -> -
D172: =C172&" - " -> -
D173: =C173&" - " -> -
D174: =C174&" - " -> -
D175: =C175&" - " -> -
D176: =C176&" - " -> -
D177: =C177&" - " -> -
D178: =C178&" - " -> -
D179: =C179&" - " -> -
D180: =C180&" - " -> -
D181: =C181&" - " -> -
... D192: =C192&" - " -> -

Sheet Tipo Sistema
A1: Tipo de Sistema | B1: Observação | C1: Expoente
A2: Sistema Comum – Mainframe | B2: Desenvolvimento de sistema com alto grau de reuso ou manutenção evolutiva | C2: 0.33
A3: Sistema Comum – WEB ou Cliente Servidor | C3: 0.35
A4: Sistema OO | B4: Se o projeto OO não for novidade para equipe, não tiver o desenvolvimento de componentes reusáveis, considerar sistema comum | C4: 0.36
A5: Sistema Cliente/Servidor | B5: Com alta complexidade arquitetural e integração com outros sistemas | C5: 0.37
A6: Sistemas Gerenciais complexos | B6: Com muitas integrações, Datawarehousing, Geoprocessamento, Workflow | C6: 0.39
A7: Software Básico, Frameworks, Sistemas Comerciais | C7: 0.4
A8: Software Militar | C8: 0.45
